{
    "user_experience": "Experiência do Utilizador",
    "developer_experience": "Experiência do Desenvolvedor",
    "latest_framework": "Estrutura Mais Recente",
    "rich_library": "Biblioteca Rica",
    "multiple_layouts": "Múltiplos Layouts",
    "style_customizer": "Personalizador de Estilo",
    "starter_kit": "Kit Inicial",
    "customize_with_ease": "Personalize com Facilidade",
    "value_for_money": "Relação Qualidade-Preço",
    "well_documented": "Bem Documentado",
    "regular_updates": "Atualizações Regulares",
    "dedicated_support": "Suporte Dedicado",
    "why_choose_dashtail": "Porquê Escolher o DashTail",
    "transform_your_development_experience": "Transforme a sua experiência de desenvolvimento com o nosso modelo de administração ultra-personalizável e amigável para o desenvolvedor: criando jornadas de utilizador excecionais de forma fácil.",
    "a_legacy_of_trust": "Um Legado de Confiança",
    "premium_budget_friendly_solutions": "Soluções premium e económicas para aplicações web, independentemente do tamanho, utilizando as estruturas mais confiáveis e ferramentas familiares.",
    "exclusive_author": "Autor Exclusivo",
    "weekly_top_seller": "Mais Vendido da Semana",
    "featured_author": "Autor em Destaque",
    "6_years_membership": "6 Anos de Filiação",
    "trendsetter": "Marcador de Tendências",
    "on_themeforest": "No ThemeForest",
    "end_users": "Utilizadores Finais",
    "love_codeshaper": "Adoro o Codeshaper",
    "5_reviews": "5 Avaliações",
    "component_collection": "Coleção de Componentes",
    "dashtail_admin_template_offers_a_variety": "O Modelo de Administração DashTail oferece uma variedade de componentes cuidadosamente desenhados, perfeitos para criar componentes reutilizáveis avançados, páginas, painéis, etc.",
    "color_schemes": "Esquemas de Cores",
    "define_your_digital_environment": "Defina o seu ambiente digital: navegue pela nossa seleção abrangente de esquemas de cores personalizáveis, perfeitos para combinar com qualquer identidade de marca.",
    "express_your_own_style": "Expresse o Seu Próprio Estilo Com Um Clique",
    "workload": "Carga de Trabalho",
    "users": "Utilizadores",
    "in_last_30_minutes": "Nos Últimos 30 Minutos",
    "user_per_minutes": "Utilizador Por Minuto",
    "tools_and_technologies": "Ferramentas e Tecnologias",
    "using_top_ui_frameworks": "Utilizando as principais estruturas de UI e as tecnologias mais recentes, construa a sua aplicação de sonho com a nossa plataforma, suportada por atualizações regulares. Explore a tecnologia que empregamos.",
    "for_designer": "Para Designer",
    "empower_your_design_process": "Capacite o seu processo de design com o Painel de Administração DashTail, apresentando um ficheiro Figma exclusivo para opções de personalização melhoradas.",
    "figma_workplace": "Área de Trabalho Figma",
    "work_with_us": "Trabalhe Connosco",
    "since_2017_we_ve_been_helping": "Desde 2017, temos ajudado desenvolvedores, empreendedores, startups e agências governamentais. Conte com a CodeShaper para fornecer uma transformação à medida que se adapta perfeitamente aos seus objetivos de negócio.",
    "take_a_tour": "Faça um Tour",
    "contact_us": "Contacte-nos",
    "view_product": "Ver Produto",
    "support": "Suporte",
    "if_you_have_any_questions": "Se tiver alguma questão ou encontrar problemas com o nosso script, a nossa equipa de suporte está disponível para o ajudar. Eles responderão a perguntas e fornecerão suporte limitado através do nosso sistema de suporte dedicado.",
    "get_support": "Obter Suporte",
    "community": "Comunidade",
    "your_question_may_have_already_been_addressed": "A sua pergunta pode já ter sido abordada no nosso servidor Discord. Sinta-se à vontade para fazer quaisquer perguntas sobre o nosso modelo lá também. Junte-se ao nosso servidor Discord para se conectar connosco.",
    "join_comunity": "Junte-se à Comunidade",
    "faqs": "FAQs",
    "got_questions": "Tem Perguntas? Compilámos uma lista de respostas às suas perguntas mais frequentes. Se não encontrar o que procura aqui, não hesite em contactar-nos.",
    "what_is_a_regular_license": "O que é uma Licença Regular?",
    "a_regular_license_is_designed_for": "Uma Licença Regular é projetada para um único produto final que é gratuito para os utilizadores finais. Esta licença é adequada para projetos pessoais e de clientes. Note que cada produto final ou domínio requer a sua própria Licença Regular.",
    "can_you_explain_the_extended_license": "Pode explicar a Licença Estendida?",
    "an_extended_license_is_needed_for": "Uma Licença Estendida é necessária para um único produto final que envolve cobrar aos utilizadores finais, como um modelo de subscrição ou num mercado. Isto aplica-se tanto aos seus próprios projetos como aos desenvolvidos para clientes. Cada utilização de produto final ou domínio exige uma Licença Estendida separada.",
    "which_license_should_i_use_for_a_saas_application": "Que licença devo usar para uma aplicação SaaS?",
    "if_your_saas_application_charges_users": "Se a sua aplicação SaaS cobra aos utilizadores, precisará de uma Licença Estendida para cada produto final. Caso contrário, uma Licença Regular é adequada. Pode saber mais na Envato.",
    "do_you_provide_design_frames_and_github_access": "Fornecem frames de design e acesso ao GitHub?",
    "dashtail_itself_doesnt_include_figma": "O DashTail em si não inclui ficheiros de design Figma automaticamente, mas ficamos felizes em fornecê-los gratuitamente mediante solicitação. Isto permite uma personalização flexível no Figma. Se precisar de acesso ao GitHub, pode pedir à nossa equipa de suporte.",
    "what_skills_are_needed_to_use_dashtail": "Que competências são necessárias para usar o DashTail?",
    "using_dashtail_effectively_requires": "Usar o DashTail eficazmente requer um conhecimento fundamental de desenvolvimento front-end, particularmente com Tailwind e React para uma personalização mais profunda. É importante lembrar que o DashTail é um modelo de front-end; o conhecimento de desenvolvimento back-end também é necessário para o desenvolvimento completo do projeto.",
    "how_are_updates_and_upgrades_handled": "Como são tratadas as atualizações e upgrades?",
    "the_latest_dashtail_version_can_always_be_downloaded": "A versão mais recente do DashTail pode sempre ser descarregada do ThemeForest sem qualquer custo adicional. As atualizações podem ser facilmente integradas consultando o nosso registo de alterações e o repositório do GitHub.",
    "what_is_your_support_policy": "Qual é a vossa política de suporte?",
    "we_offer_dedicated_support_through_our_portal": "Oferecemos suporte dedicado através do nosso portal, seguindo de perto a política de suporte de itens da Envato para fornecer ajuda atempada e eficiente.",
    "is_dashtail_worth_the_investment": "O DashTail vale o investimento?",
    "absolutely_dashtail_is_meticulously_crafted": "Absolutamente. O DashTail é meticulosamente criado para otimizar o processo de desenvolvimento, oferecendo uma forma contínua e eficiente de construir a sua UI web. É um investimento que vale a pena para qualquer desenvolvedor que procure qualidade e eficiência.",
    "how_can_i_get_help_with_dashtail": "Como posso obter ajuda com o DashTail?",
    "for_assistance_head_over_to_our_support_portal": "Para assistência, dirija-se ao nosso portal de suporte, registe-se e submeta um ticket. A nossa equipa de suporte dedicada está pronta para resolver quaisquer problemas que possa enfrentar.",
    "pricing_plan": "Plano de Preços",
    "dashtail_stands_as_a_prudent_investment": "O DashTail representa um investimento prudente, protegendo-o de milhares em despesas potenciais. Com cada atualização, amplifique ainda mais o seu valor.",
    "regular_license": "Licença Regular",
    "suitable_for_you_or_one_client": "Adequado para si ou para um cliente, esta licença cobre um único produto final que é acessível aos utilizadores finais sem custos.",
    "whats_included": "O que está incluído",
    "quality_assurance_by_envato": "Garantia de qualidade pela Envato",
    "free_lifetime_updates": "Atualizações vitalícias gratuitas.",
    "support_for_six_months": "Suporte por seis meses.",
    "customization_guidance_and_consultancy": "Orientação e consultoria de personalização.",
    "remote_support_skype_support": "Suporte Remoto, suporte Skype.",
    "anydesk_teamviewer_support": "Suporte Anydesk/Teamviewer.",
    "free_installation": "Instalação gratuita.",
    "buy_now": "Comprar Agora",
    "extend_license": "Licença Estendida",
    "custom_license": "Licença Personalizada",
    "should_your_business_necessitate": "Se o seu negócio necessitar de um acordo de licenciamento único, por favor Entre em Contacto para explorar soluções personalizadas.",
    "dashtail_tailwind_react_next_admin_dashboard_template": "DashTail - Modelo de Painel de Administração Tailwind, React Next",
    "dashtail_is_a_developer_friendly": "O DashTail é um modelo de administração amigável para o desenvolvedor, pronto a usar, projetado para construir aplicações web atrativas, escaláveis e de alto desempenho, alimentado pelas tecnologias de ponta do Next.js e Tailwind CSS.",
    "view_demo": "Ver Demonstração",
    "view_documentation": "Ver Documentação",
    "copyright_2024_dashtail_all_rights_reserved": "COPYRIGHT © 2024 DashTail Todos os direitos reservados",
    "hand_crafted_made_by_codeshaper": "Feito à mão e por Codeshaper",
    "top_countries": "Países Principais",
    "see_all": "Ver Todos",
    "united_state": "Estados Unidos",
    "france": "França",
    "india": "Índia",
    "spain": "Espanha",
    "bangladesh": "Bangladesh",
    "brazil": "Brasil",
    "vs_previous_30_days": "vs 30 dias anteriores",
    "workforce_overview": "Visão Geral da Força de Trabalho",
    "demographic_properties_of_your_workforce": "Propriedades demográficas da sua força de trabalho",
    "page": "Página",
    "post": "Publicação",
    "count": "Contagem",
    "action": "Ação",
    "details": "Detalhes",
    "no_results": "Sem resultados.",
    "top_10_referrals": "Top 10 Referências",
    "total": "Total",
    "tools_distribution": "Distribuição de Ferramentas",
    "status_of_tools_in_last_30_days": "Estado das Ferramentas nos Últimos 30 Dias",
    "tools_issued_vs_returned": "Ferramentas Emitidas vs Devolvidas",
    "distribution_type": "Tipo de Distribuição",
    "quantity": "Quantidade",
    "no_data_available": "Não há dados disponíveis",
    "analytics": "Análises",
    "coming_soon": "Em Breve",
    "we_re_working_on_bringing_you_advanced_hrm_insights": "Estamos a trabalhar para lhe trazer informações avançadas de GRH e relatórios de funcionários. Fique atento às próximas atualizações.",
    "user_by_country": "Utilizador por País",
    "top_page_post": "Página/Publicação Principal",
    "react_leaflet_map": "Mapa React Leaflet",
    "basic_leaflet_map": "Mapa Básico Leaflet",
    "popup_with_marker": "Popup com Marcador",
    "location_marker_map": "Mapa de Marcador de Localização",
    "vector_layers_map": "Mapa de Camadas Vetoriais",
    "layer_groups_and_layers_control": "Grupos de Camadas e Controlo de Camadas",
    "svg_overlay": "Sobreposição SVG",
    "gio_json_map": "Mapa Gio JSON",
    "unovis_advance_map": "Mapa Avançado Unovis",
    "advanced_leaflet_map": "Mapa Avançado Leaflet",
    "choropleth_world_map_with_custom_legend": "Mapa do Mundo Coroplético com Legenda Personalizada",
    "unovis_flow_map": "Mapa de Fluxo Unovis",
    "particles_color": "Cor das Partículas",
    "particles_radius": "Raio das Partículas",
    "particles_speed": "Velocidade das Partículas",
    "particles_density": "Densidade das Partículas",
    "unovis_leaflet_map": "Mapa Unovis Leaflet",
    "map_data": "Dados do Mapa",
    "map_points_color": "Cor dos Pontos do Mapa",
    "map_point_shape_traingle": "Forma do Ponto do Mapa - Triângulo",
    "map_point_shape_square": "Forma do Ponto do Mapa - Quadrado",
    "map_point_shape_circle": "Forma do Ponto do Mapa - Círculo",
    "map_point_shape_ring": "Forma do Ponto do Mapa - Anel",
    "map_point_radius": "Raio do Ponto do Mapa",
    "map_cluster_color_and_radius": "Cor e Raio do Aglomerado do Mapa",
    "expand_on_click": "Expandir ao Clicar",
    "google_map": "Mapa Google",
    "vector_map": "Mapa Vetorial",
    "basic_vector_map": "Mapa Vetorial Básico",
    "simple_events": "Eventos Simples",
    "selecting_layers": "Selecionar Camadas",
    "layer_links": "Links de Camadas",
    "styled_map": "Mapa Estilizado",
    "opening": "A abrir…",
    "open_camera": "📷 Abrir Câmara",
    "take_photo": "📸 Tirar Foto",
    "retake": "🔄 Tirar Novamente",
    "allow_camera_access_first": "Permitir acesso à câmara primeiro",
    "requesting_camera_permission": "A solicitar permissão da câmara…",
    "camera_blocked_allow_access_in_browser_settings": "Câmara bloqueada. Permita o acesso nas definições do seu navegador.",
    "camera_closed_click_open_camera": "Câmara fechada. Clique em Abrir Câmara.",
    "attendance_captured": "Presença capturada",
    "camera_ready": "Câmara pronta",
    "no_attendance_yet": "Ainda sem presença",
    "face_forward_good_lighting_recommended": "Virado para a frente; boa iluminação recomendada.",
    "requesting_location": "A solicitar localização…",
    "allow_location": "📍 Permitir Localização",
    "photos_are_used_only_to_verify_attendance": "As fotos são usadas apenas para verificar a presença. A localização é necessária para confirmar a presença. No iOS/Safari, a câmara precisa de HTTPS e de um gesto do utilizador para iniciar.",
    "location": "Localização:",
    "date": "Data",
    "global_time_range": "Intervalo de Tempo Global",
    "global_total_hours": "Total de Horas Globais",
    "status": "Estado",
    "actions": "Ações",
    "add_attendance": "Adicionar Presença",
    "edit_attendance": "Editar Presença",
    "update": "Atualizar",
    "create": "Criar",
    "cancel": "Cancelar",
    "opening…": "A abrir…",
    "start_scanning": "📷 Iniciar Digitalização",
    "close_scanner": "❌ Fechar Digitalizador",
    "processing_attendance": "⏳ A processar presença...",
    "done": "✅ Feito",
    "retry": "🔄 Tentar Novamente",
    "attendance_success": "Presença com Sucesso",
    "attendance_failed": "Falha na Presença",
    "copy_qr": "📋 Copiar QR",
    "scanned_qr": "QR Digitalizado",
    "copy": "📋 Copiar",
    "processing_your_attendance": "A processar a sua presença...",
    "submitting_qr_data_with_location": "A submeter dados QR com localização",
    "scanner_ready_point_camera_at_qr_code": "Digitalizador pronto - aponte a câmara para o código QR",
    "no_scan_yet": "Ainda sem digitalização",
    "hold_the_qr_inside_the_frame_good_lighting_helps": "Mantenha o QR dentro da moldura; boa iluminação ajuda.",
    "scan_another_qr": "📷 Digitalizar Outro QR",
    "we_only_read_qr_content_for_attendance": "Apenas lemos o conteúdo do QR para a presença. A localização confirma a presença. No iOS/Safari, a câmara precisa de HTTPS e de um gesto do utilizador.",
    "manual_attendance": "🧍 Presença Manual",
    "name": "Nome",
    "employee_code": "Código do Funcionário",
    "branch": "Filial",
    "department": "Departamento",
    "check_in_time": "Hora de Entrada",
    "bank_name": "Nome do Banco",
    "no_of_branches": "Nº de Filiais",
    "add_bank": "Adicionar Banco",
    "edit_bank": "Editar Banco",
    "create_bank": "Criar Banco",
    "code": "Código",
    "type_status": "Tipo / Estado",
    "add_branch": "Adicionar Filial",
    "branch_edit": "Editar Filial",
    "branch_create": "Criar Filial",
    "client_name": "Nome do Cliente",
    "email": "Email",
    "phone": "Telefone",
    "client_type": "Tipo de Cliente",
    "add_client": "Adicionar Cliente",
    "edit_client": "Editar Cliente",
    "create_client": "Criar Cliente",
    "add_company": "Adicionar Empresa",
    "company_edit": "Editar Empresa",
    "company_create": "Criar Empresa",
    "subscription": "Subscrição",
    "registration": "Registo",
    "add_department": "Adicionar Departamento",
    "department_edit": "Editar Departamento",
    "department_create": "Criar Departamento",
    "document_type": "Tipo de Documento",
    "icon": "Ícone",
    "add_document_type": "Adicionar Tipo de Documento",
    "edit_document_type": "Editar Tipo de Documento",
    "create_document_type": "Criar Tipo de Documento",
    "title": "Título",
    "employee": "Funcionário",
    "client": "Cliente",
    "project": "Projeto",
    "created": "Criado",
    "add_document": "Adicionar Documento",
    "edit_document": "Editar Documento",
    "create_document": "Criar Documento",
    "employee_details": "Detalhes do Funcionário",
    "project_activity": "Atividade do Projeto",
    "financial_information": "Informação Financeira",
    "assigned_tools": "Ferramentas Atribuídas",
    "pages": "Páginas",
    "payment_type": "Tipo de Pagamento",
    "description": "Descrição",
    "amount": "Montante (€)",
    "user_profile": "Perfil do Utilizador",
    "project_activities": "Atividades do Projeto",
    "project_name": "Nome do Projeto",
    "employee_name": "Nome do Funcionário",
    "salary_type": "Tipo de Salário",
    "salary": "Salário (€)",
    "start_date": "Data de Início",
    "end_date": "Data de Fim",
    "tool": "Ferramenta",
    "assign_date": "Data de Atribuição",
    "return_date": "Data de Devolução",
    "badge": "Crachá",
    "position": "Posição",
    "work_email": "Email de Trabalho",
    "add_employee": "Adicionar Funcionário",
    "something_went_wrong": "Algo correu mal!",
    "try_again": "Tentar Novamente",
    "type": "Tipo",
    "transaction": "Transação",
    "expected_rec_pay_date": "Data Prevista de Recebimento/Pagamento",
    "receive_payment_date": "Data de Recebimento/Pagamento",
    "total": "Total",
    "add_financial_record": "Adicionar Registo Financeiro",
    "edit_record": "Editar Registo",
    "create_record": "Criar Registo",
    "add_type": "Adicionar Tipo",
    "edit_type": "Editar Tipo",
    "create_type": "Criar Tipo",
    "print_qr_code": "Imprimir Código QR",
    "damage_no": "Nº do Dano",
    "damage_date": "Data do Dano",
    "total_value": "Valor Total",
    "tools_count": "Contagem de Ferramentas",
    "note": "Nota",
    "add_tool_damage": "Adicionar Dano de Ferramenta",
    "edit_tool_damage": "Editar Dano de Ferramenta",
    "create_tool_damage": "Criar Dano de Ferramenta",
    "invoice_no": "Nº da Fatura",
    "purchase_date": "Data da Compra",
    "total_quantity": "Quantidade Total",
    "total_amount": "Montante Total",
    "add_purchase": "Adicionar Compra",
    "edit_purchase": "Editar Compra",
    "create_purchase": "Criar Compra",
    "transfer_date": "Data da Transferência",
    "sender_warehouse": "Armazém Remetente",
    "destination_warehouse": "Armazém Destinatário",
    "total_quantity_sent": "Quantidade Total Enviada",
    "add_stock_transfer": "Adicionar Transferência de Stock",
    "edit_stock_transfer": "Editar Transferência de Stock",
    "create_stock_transfer": "Criar Transferência de Stock",
    "distribution_date": "Data de Distribuição",
    "add_tool_distribution": "Adicionar Distribuição de Ferramentas",
    "update_return": "Atualizar Devolução",
    "edit_tool_distribution": "Editar Distribuição de Ferramentas",
    "create_tool_distribution": "Criar Distribuição de Ferramentas",
    "category_name": "Nome da Categoria",
    "add_category": "Adicionar Categoria",
    "edit_category": "Editar Categoria",
    "create_category": "Criar Categoria",
    "tool_name": "Nome da Ferramenta",
    "sku": "SKU",
    "opening_date": "Data de Abertura",
    "category": "Categoria",
    "stock_qty": "Qtd. em Stock",
    "minimum_qty": "Qtd. Mínima",
    "unit_price": "Preço Unitário",
    "unit_of_measure": "Unidade de Medida",
    "add_tool": "Adicionar Ferramenta",
    "edit_tool": "Editar Ferramenta",
    "create_tool": "Criar Ferramenta",
    "unit_name": "Nome da Unidade",
    "add_unit": "Adicionar Unidade",
    "edit_unit": "Editar Unidade",
    "create_unit": "Criar Unidade",
    "warehouse_name": "Nome do Armazém",
    "add_warehouse": "Adicionar Armazém",
    "edit_warehouse": "Editar Armazém",
    "create_warehouse": "Criar Armazém",
    "job_category": "Categoria de Trabalho",
    "employment": "Emprego",
    "add_job_position": "Adicionar Posição de Trabalho",
    "job_position_edit": "Editar Posição de Trabalho",
    "job_position_create": "Criar Posição de Trabalho",
    "dashboard": "Painel",
    "project_details": "Detalhes do Projeto",
    "employees": "Funcionários",
    "income_expense": "Rendimentos / Despesas",
    "project_employee": "Funcionário do Projeto",
    "overview": "Visão Geral",
    "documents": "Documentos",
    "settings": "Definições",
    "recent_activity": "Atividade Recente",
    "my_project": "O Meu Projeto",
    "search_project": "Pesquisar Projeto...",
    "view_all_project": "Ver Todos os Projetos",
    "about": "Sobre",
    "designation": "Designação",
    "my_connections": "As Minhas Ligações",
    "mutual_connections": "Ligações Mútuas",
    "view_all_connections": "Ver Todas as Ligações",
    "portfolio": "Portfólio",
    "complete_your_profile": "Complete o Seu Perfil",
    "complete": "Completo",
    "skills": "Competências",
    "all_teams": "Todas as Equipas",
    "members": "membros",
    "information": "Informação",
    "full_name": "Nome Completo",
    "mobile": "Telemóvel",
    "joining_date": "Data de Admissão",
    "probation_end_date": "Data de Fim do Período Experimental",
    "loading_profile": "A carregar perfil...",
    "no_profile_data_found": "Não foram encontrados dados de perfil.",
    "change_cover": "Alterar Capa",
    "search": "Pesquisar..",
    "load_more": "Carregar Mais",
    "personal_details": "Detalhes Pessoais",
    "change_password": "Alterar Palavra-passe",
    "others": "Outros",
    "current_password": "Palavra-passe Atual",
    "new_password": "Nova Palavra-passe",
    "confirm_password": "Confirmar Palavra-passe",
    "password_requirements": "Requisitos da Palavra-passe:",
    "minimum_8_characters_long_the_more_the_better": "Mínimo de 8 caracteres - quanto mais, melhor.",
    "at_least_one_lowercase_character": "Pelo menos um carácter minúsculo.",
    "at_least_one_number_symbol_or_whitespace_character": "Pelo menos um número, símbolo ou carácter de espaço em branco.",
    "recent_device": "Dispositivo Recente",
    "logout_all": "Terminar Sessão em Todos",
    "browser": "Navegador",
    "device": "DISPOSITIVO",
    "recen_activities": "ATIVIDADES RECENTES",
    "logout": "Terminar Sessão",
    "coming_soon!": "Em Breve!",
    "first_name": "Primeiro Nome",
    "last_name": "Último Nome",
    "phone_number": "Número de Telefone",
    "email_address": "Endereço de Email",
    "pick_a_date": "Escolha uma data",
    "website": "Website",
    "organization": "Organização",
    "language": "Idioma",
    "select_a_language": "Selecione um idioma",
    "english": "Inglês",
    "bangla": "Bangla",
    "arabic": "Árabe",
    "french": "Francês",
    "spanish": "Espanhol",
    "exprience_years": "Anos de Experiência",
    "to": "Para",
    "country": "País",
    "city": "Cidade",
    "zip_code": "Código Postal",
    "timezone": "Fuso Horário",
    "select_timezone": "Selecione o fuso horário",
    "dhaka": "(GMT +6.00) Daca",
    "rajshahi": "(GMT +6.00) Rajshahi",
    "khulna": "(GMT +7.00) Khulna",
    "barisal": "(GMT +7.00) Barisal",
    "currency": "Moeda",
    "select_currency": "Selecione a Moeda",
    "usd": "USD",
    "jpy": "JPY",
    "gbp": "GBP",
    "aud": "AUD",
    "save": "Guardar",
    "add_skills": "Adicionar Competências",
    "data_analytics": "Análise de Dados",
    "ops_page_not_found": "Ops! Página Não Encontrada",
    "the_page_you_are_looking_for_might_have_been_removed_had_its_name_changed_or_is_temporarily_unavailable": "A página que procura pode ter sido removida, ter mudado de nome ou estar temporariamente indisponível.",
    "go_to_homepage": "Ir para a Página Inicial",
    "you_are_not_authorized": "Não está autorizado",
    "you_are_missing_the_required_rights_to_be_able_to_access_this_page": "Faltam-lhe os direitos necessários para poder aceder a esta página",
    "ops_access_denied": "Ops! Acesso Negado",
    "ops_page_expired_error": "Ops! Erro de Página Expirada",
    "ops_too_many_request_error": "Ops! Erro de Demasiados Pedidos",
    "ops_internal_server_error": "Ops! Erro Interno do Servidor",
    "ops_service_unavailable_error": "Ops! Erro de Serviço Indisponível",
    "error_page": "Página de Erro",
    "hey_hello": "Olá, Olá 👋",
    "enter_the_information_you_entered_while_registering": "Introduza a informação que forneceu durante o registo.",
    "remember_me": "Lembrar-me",
    "forget_password": "Esqueceu-se da Palavra-passe?",
    "loading": "A carregar...",
    "sign_in": "Iniciar Sessão",
    "don't_have_an_account": "Não tem uma conta?",
    "sign_up": "Registar",
    "utility_page": "Página de Utilitários",
    "get_notified_when_we_launch": "Seja notificado quando lançarmos",
    "lorem_ipsum_dolor_sit_amet_consectetur_adipiscing_elit_sed_do_eiusmod_tempor_incididunt": "Lorem ipsum dolor sit amet, consectetur adipiscing elit, sed do eiusmod tempor incididunt.",
    "enter_your_email": "Introduza o seu email",
    "notify_me": "Notifique-me",
    "don’t_worry_we_will_not_spam_you": "*Não se preocupe, não lhe enviaremos spam :)",
    "privacy_policy": "Política de Privacidade",
    "faq": "FAQ",
    "email_us": "Envie-nos um Email",
    "we_are_under_maintenance": "Estamos em manutenção.",
    "we’re_making_the_system_more_awesome": "Estamos a tornar o sistema mais incrível. Voltaremos em breve.",
    "two_factor_verification": "Verificação de Dois Fatores",
    "enter_the_6_figure_confirmation_code_shown_on_the_email": "Introduza o código de confirmação de 6 dígitos mostrado no email",
    "verify_now": "Verificar Agora",
    "select_date": "Selecionar Data",
    "view_all": "Ver Todos",
    "download": "Descarregar",
    "refresh": "Atualizar",
    "full_screen": "Ecrã Inteiro",
    "search": "Pesquisar...",
    "message": "Mensagem",
    "notification": "Notificação",
    "mark_all_as_read": "Marcar tudo como lido",
    "profile": "Perfil",
    "log_out": "Terminar Sessão",
    "light": "Claro",
    "dark": "Escuro",
    "menu": "menu",
    "storage_capacity": "Capacidade de Armazenamento",
    "out_of_your_total_storage_on_premium_plan_you_have_used_up_40": "Do seu armazenamento total no Plano Premium, já utilizou 40%.",
    "upgrade_now": "Atualizar Agora",
    "dashtail": "DashTail",
    "new_application": "Nova Aplicação",
    "image_added": "Imagem Adicionada",
    "designed_completed": "Design Concluído",
    "robert_nolan_completed": "Robert Nolan concluiu",
    "crm_application": "Aplicação CRM",
    "designcomplated.pdf": "designConcluido.pdf",
    "this_a_orange": "Isto é uma Laranja",
    "orange_s.a._formerly_france_s.a._is_a_french_multi_national_telecommunications_corporation": "A Orange S.A., anteriormente France S.A., é uma corporação multinacional francesa de telecomunicações.",
    "interview_schedule": "Agenda de Entrevistas",
    "lorem_ipsum_dolor_sit_amet_consectetur_adipisicing_elit.": "Lorem ipsum, dolor sit amet consectetur adipisicing elit. Possimus quos, voluptates voluptas rem veniam expedita.",
    "permanent_delete": "Eliminar Permanentemente",
    "ux/ui_designer": "Designer UX/UI",
    "2_notifications": "2 notificações",
    "commented_on_your_post": "Comentou na sua publicação.",
    "view": "Ver",
    "prantik_repaid_you": "Prantik pagou-lhe de volta",
    "30_minutes_ago": "há 30 minutos",
    "add_block": "Adicionar Bloco",
    "user_photo_changed": "Foto do Utilizador Alterada",
    "12_minutes_ago": "há 12 minutos",
    "jone_doe_changed_his_avatar_photo": "Jone Doe alterou a sua foto de avatar",
    "video_added": "Vídeo Adicionado",
    "1_hour_ago": "há 1 hora",
    "mores_clarke_added_new_video": "Mores Clarke adicionou um novo vídeo",
    "9_hours_ago": "há 9 horas",
    "3rd_october": "3 de Outubro",
    "6.30_am": "6:30",
    "5th_october": "5 de Outubro",
    "9th_october": "9 de Outubro",
    "11th_october": "11 de Outubro",
    "project_title": "Título do Projeto",
    "dashtail_admin_template": "Modelo de Administração DashTail",
    "user_template": "Modelo de Utilizador",
    "task_list": "Lista de Tarefas",
    "search_list": "Pesquisar lista...",
    "no_item_found": "Nenhum item encontrado",
    "create_a_list": "Criar uma lista",
    "list_name": "Nome da Lista",
    "example_list": "lista de exemplo..",
    "assign_task_to": "Atribuir Tarefa A",
    "search_by_name": "Pesquisar por Nome...",
    "no_new_members": "Nenhum membro novo.",
    "add_tags": "Adicionar Etiquetas",
    "create_a_new_tag": "Criar uma nova etiqueta",
    "type_a_name": "escreva um nome",
    "select_color": "Selecionar Cor",
    "set_task_dependency": "Definir Dependência de Tarefa",
    "search_tasks": "Pesquisar tarefas...",
    "no_task_found": "Nenhuma tarefa encontrada",
    "select": "selecionar",
    "high": "Alta",
    "medium": "Média",
    "low": "Baixa",
    "set": "Definir",
    "add_a_new_subtask": "Adicionar uma nova subtarefa...",
    "completed_subtask": "Subtarefa Concluída",
    "drag_&_drop_or_choose_files": "Arraste e solte ou escolha ficheiros",
    "remove_all": "Remover Todos",
    "don’t_let_it_go_unsaid!_post_a_comment_to_start_a_discussion._@mention_someone_to_notify_them.": "Não deixe por dizer! Publique um comentário para iniciar uma discussão. @Mencione alguém para o notificar.",
    "type_your_message": "Escreva a sua mensagem...",
    "subtasks": "subtarefas",
    "add_a_due_date": "Adicionar uma data de vencimento",
    "manage_tags": "Gerir Etiquetas",
    "convert_to_a_task": "Converter numa tarefa",
    "move_into_another_task": "Mover para outra tarefa",
    "delete": "Eliminar",
    "no_task_here": "Nenhuma Tarefa Aqui",
    "there_is_no_task_create._if_you_create_a_new_task_then_click_this_button_&_create_new_board.": "Não há nenhuma tarefa criada. Se criar uma nova tarefa, clique neste botão e crie um novo quadro.",
    "create_board": "Criar Quadro",
    "all_task": "Todas as Tarefas",
    "group_by:_status": "Agrupar por: estado",
    "inprogress": "Em Progresso",
    "complete": "Concluído",
    "kanban": "Kanban",
    "list_view": "Vista de Lista",
    "add_task": "Adicionar Tarefa",
    "board_name": "Nome do Quadro",
    "assign_color": "Atribuir Cor",
    "task": "Tarefa",
    "list": "Lista",
    "assigns": "Atribuições",
    "priority": "Prioridade",
    "story_point": "Pontos de História",
    "add": "Adicionar...",
    "search_file": "Pesquisar Ficheiro",
    "image": "Imagem",
    "file": "Ficheiro",
    "audio": "Áudio",
    "video": "Vídeo",
    "upload_file": "Carregar Ficheiro",
    "project_files": "Ficheiros do Projeto",
    "total_382_files_26gb_space_usage": "Total 382 ficheiros, 26GB de espaço utilizado",
    "file_name": "Nome do Ficheiro",
    "size": "Tamanho",
    "upload_date": "Data de Carregamento",
    "choose_your_direction": "Escolha a sua direção",
    "ltr": "LTR",
    "rtl": "RTL",
    "choose_your_layout": "Escolha o seu layout",
    "vertical": "Vertical",
    "horizontal": "Horizontal",
    "semi-box": "Semi-Caixa",
    "choose_light_or_dark_scheme": "Escolha o esquema claro ou escuro.",
    "sidebar_layout": "Layout da Barra Lateral",
    "module": "Módulo",
    "classic": "Clássico",
    "popover": "Popover",
    "choose_a_image_of_sidebar": "Escolha uma imagem da barra lateral.",
    "navbar_type": "Tipo de Barra de Navegação",
    "sticky": "fixo",
    "static": "estático",
    "floating": "flutuante",
    "hidden": "oculto",
    "footer_type": "Tipo de Rodapé",
    "theme": "Tema",
    "choose_a_theme": "Escolha um Tema",
    "theme_customizer": "Personalizador de Tema",
    "our_portfolio": "O Nosso Portfólio",
    "copyright_©_2024_dashtail_all_rights_reserved": "COPYRIGHT © 2024 DashTail Todos os direitos reservados",
    "hand-crafted_&_made_by": "Feito à mão e por",
    "codeshaper": "Codeshaper"
}