{
    "user_experience": "User Experience",
    "developer_experience": "Developer Experience",
    "latest_framework": "Latest Framework",
    "rich_library": "Rich Library",
    "multiple_layouts": "Multiple Layouts",
    "style_customizer": "Style Customizer",
    "starter_kit": "Starter Kit",
    "customize_with_ease": "Customize With Ease",
    "value_for_money": "Value For Money",
    "well_documented": "Well Documented",
    "regular_updates": "Regular Updates",
    "dedicated_support": "Dedicated Support",
    "why_choose_dashtail": "Why Choose DashTail",
    "transform_your_development_experience": "Transform your development experience with our ultra-customizable, developer-friendly admin template: crafting exceptional user journeys made effortless.",
    "a_legacy_of_trust": "A Legacy of Trust",
    "premium_budget_friendly_solutions": "Premium, budget-friendly solutions for web applications, regardless of size, utilizing the most trusted frameworks and familiar tools.",
    "exclusive_author": "Exclusive Author",
    "weekly_top_seller": "Weekly Top Seller",
    "featured_author": "Featured Author",
    "6_years_membership": "6 Years Membership",
    "trendsetter": "Trendsetter",
    "on_themeforest": "On ThemeForest",
    "end_users": "End Users",
    "love_codeshaper": "Love Codeshaper",
    "5_reviews": "5 Reviews",
    "component_collection": "Component Collection",
    "dashtail_admin_template_offers_a_variety": "DashTail Admin Template offers a variety of carefully designed components, perfect for creating advanced reusable components, pages,dashboard etc.",
    "color_schemes": "Color Schemes",
    "define_your_digital_environment": "Define your digital environment: navigate through our comprehensive selection of customizable color schemes, perfect for matching any brand identity.",
    "express_your_own_style": "Express Your Own Style With Use One Click",
    "workload": "Workload",
    "users": "Users",
    "in_last_30_minutes": "In Last 30 Minutes",
    "user_per_minutes": "User Per Minutes",
    "tools_and_technologies": "Tools & Technologies",
    "using_top_ui_frameworks": "Using top UI frameworks and the latest technologies, build your dream app with our platform, supported by regular updates. Explore the tech we employ.",
    "for_designer": "For Designer",
    "empower_your_design_process": "Empower Your Design Process with the DashTail Admin Dashboard, Featuring an Exclusive Figma File for Enhanced Customization Options.",
    "figma_workplace": "Figma Workplace",
    "work_with_us": "Work with Us",
    "since_2017_we_ve_been_helping": "Since 2017, we've been helping developers, entrepreneurs, startups, and government agencies. Count on CodeShaper to provide a tailored transformation that fits your business goals perfectly.",
    "take_a_tour": "Take a Tour",
    "contact_us": "Contact Us",
    "view_product": "View Product",
    "support": "Support",
    "if_you_have_any_questions": "If you have any questions or encounter issues with our script, our support team is available to assist you. They'll respond to inquiries and provide limited support through our dedicated support system.",
    "get_support": "Get Support",
    "community": "Community",
    "your_question_may_have_already_been_addressed": "Your question may have already been addressed on our Discord server. Feel free to ask any questions about our template there as well. Join our Discord server to connect with us.",
    "join_comunity": "Join Comunity",
    "faqs": "FAQs",
    "got_questions": "Got Questions? We've compiled a list of answers to your frequently asked questions. If you can't find what you're looking for here, don't hesitate to reach out to us.",
    "what_is_a_regular_license": "What is a Regular License?",
    "a_regular_license_is_designed_for": "A Regular License is designed for a single end-product that is free for end-users. This license is suitable for both personal and client projects. Note that each end-product or domain requires its own Regular License.",
    "can_you_explain_the_extended_license": "Can you explain the Extended License?",
    "an_extended_license_is_needed_for": "An Extended License is needed for a single end-product that involves charging end-users, such as with a subscription model or in a marketplace. This applies to both your own projects and those developed for clients. Each end-product or domain usage demands a separate Extended License.",
    "which_license_should_i_use_for_a_saas_application": "Which license should I use for a SaaS application?",
    "if_your_saas_application_charges_users": "If your SaaS application charges users, you'll need an Extended License for each end product. Otherwise, a Regular License is adequate. You can learn more from Envato.",
    "do_you_provide_design_frames_and_github_access": "Do you provide design frames and GitHub access?",
    "dashtail_itself_doesnt_include_figma": "DashTail itself doesn’t include Figma design files automatically, but we're happy to provide them for free upon request. This allows for flexible customization within Figma. If you need GitHub access then you can ask our support team. for GitHub access.",
    "what_skills_are_needed_to_use_dashtail": "What skills are needed to use DashTail?",
    "using_dashtail_effectively_requires": "Using DashTail effectively requires a foundational knowledge of front-end development, particularly with Tailwind and React for deeper customization. It's important to remember that DashTail is a front-end template; knowledge of back-end development is also necessary for full project development.",
    "how_are_updates_and_upgrades_handled": "How are updates and upgrades handled?",
    "the_latest_dashtail_version_can_always_be_downloaded": "The latest DashTail version can always be downloaded from ThemeForest without any extra charge. Updates can be easily integrated by referring to our changelog and GitHub repository.",
    "what_is_your_support_policy": "What is your support policy?",
    "we_offer_dedicated_support_through_our_portal": "We offer dedicated support through our portal, following Envato's item support policy closely to provide timely and efficient help.",
    "is_dashtail_worth_the_investment": "Is DashTail worth the investment?",
    "absolutely_dashtail_is_meticulously_crafted": "Absolutely. DashTail is meticulously crafted to streamline the development process, offering a seamless and efficient way to build your web UI. It's a worthwhile investment for any developer looking for quality and efficiency.",
    "how_can_i_get_help_with_dashtail": "How can I get help with DashTail?",
    "for_assistance_head_over_to_our_support_portal": "For assistance, head over to our support portal, register, and submit a ticket. Our dedicated support team is ready to tackle any issues you might face.",
    "pricing_plan": "Pricing Plan",
    "dashtail_stands_as_a_prudent_investment": "DashTail stands as a prudent investment, safeguarding you against thousands in potential expenses. With every update, amplify its value even further.",
    "regular_license": "Regular License",
    "suitable_for_you_or_one_client": "Suitable for you or one client, this license covers a single end product that is accessible to end users without charge.",
    "whats_included": "What’s Included",
    "quality_assurance_by_envato": "Quality assurance by Envato",
    "free_lifetime_updates": "Free lifetime updates.",
    "support_for_six_months": "Support for six months.",
    "customization_guidance_and_consultancy": "Customization guidance and consultancy.",
    "remote_support_skype_support": "Remote Support, Skype support.",
    "anydesk_teamviewer_support": "Anydesk/Teamviewer support.",
    "free_installation": "Free installation.",
    "buy_now": "Buy Now",
    "extend_license": "Extend License",
    "custom_license": "Custom License",
    "should_your_business_necessitate": "Should your business necessitate a unique licensing arrangement, please Get In Touch to explore customized solutions.",
    "dashtail_tailwind_react_next_admin_dashboard_template": "DashTail - Tailwind, React Next Admin Dashboard Template",
    "dashtail_is_a_developer_friendly": "DashTail is a developer-friendly, ready-to-use admin template designed for building attractive, scalable, and high-performing web applications, powered by the cutting-edge technologies of Next.js and Tailwind CSS.",
    "view_demo": "View Demo",
    "view_documentation": "View Documentation",
    "copyright_2024_dashtail_all_rights_reserved": "COPYRIGHT © 2024 DashTail All rights Reserved",
    "hand_crafted_made_by_codeshaper": "Hand-crafted & Made by Codeshaper",
    "top_countries": "Top Countries",
    "see_all": "See All",
    "united_state": "United State",
    "france": "France",
    "india": "India",
    "spain": "Spain",
    "bangladesh": "Bangladesh",
    "brazil": "Brazil",
    "vs_previous_30_days": "vs Previous 30 Days",
    "workforce_overview": "Workforce Overview",
    "demographic_properties_of_your_workforce": "Demographic properties of your workforce",
    "page": "Page",
    "post": "Post",
    "count": "Count",
    "action": "Action",
    "details": "Details",
    "no_results": "No results.",
    "top_10_referrals": "Top 10 Referrals",
    "total": "Total",
    "tools_distribution": "Tools Distribution",
    "status_of_tools_in_last_30_days": "Status of Tools in Last 30 Days",
    "tools_issued_vs_returned": "Tools Issued vs Returned",
    "distribution_type": "Distribution Type",
    "quantity": "Quantity",
    "no_data_available": "No data available",
    "analytics": "Analytics",
    "coming_soon": "Coming Soon",
    "we_re_working_on_bringing_you_advanced_hrm_insights": "We’re working on bringing you advanced HRM insights and employee reports. Stay tuned for upcoming updates.",
    "user_by_country": "User By Country",
    "top_page_post": "Top Page/Post",
    "react_leaflet_map": "React Leaflet map",
    "basic_leaflet_map": "Basic Leaflet Map",
    "popup_with_marker": "Popup with Marker",
    "location_marker_map": "Location Marker Map",
    "vector_layers_map": "Vector Layers Map",
    "layer_groups_and_layers_control": "Layer Groups and Layers Control",
    "svg_overlay": "SVG Overlay",
    "gio_json_map": "Gio JSON Map",
    "unovis_advance_map": "Unovis Advance map",
    "advanced_leaflet_map": "Advanced Leaflet Map",
    "choropleth_world_map_with_custom_legend": "Choropleth World Map with Custom Legend",
    "unovis_flow_map": "Unovis Flow map",
    "particles_color": "Particles Color",
    "particles_radius": "Particles Radius",
    "particles_speed": "Particles Speed",
    "particles_density": "Particles Density",
    "unovis_leaflet_map": "Unovis leaflet map",
    "map_data": "Map Data",
    "map_points_color": "Map Points Color",
    "map_point_shape_traingle": "Map Point Shape - Traingle",
    "map_point_shape_square": "Map Point Shape - Square",
    "map_point_shape_circle": "Map Point Shape - Circle",
    "map_point_shape_ring": "Map Point Shape - Ring",
    "map_point_radius": "Map Point Radius",
    "map_cluster_color_and_radius": "Map Cluster Color and Radius",
    "expand_on_click": "Expand on Click",
    "google_map": "Google map",
    "vector_map": "Vector map",
    "basic_vector_map": "Basic Vector Map",
    "simple_events": "Simple Events",
    "selecting_layers": "Selecting Layers",
    "layer_links": "Layer links",
    "styled_map": "Styled Map",
    "opening": "Opening…",
    "open_camera": "📷 Open Camera",
    "take_photo": "📸 Take Photo",
    "retake": "🔄 Retake",
    "allow_camera_access_first": "Allow camera access first",
    "requesting_camera_permission": "Requesting camera permission…",
    "camera_blocked_allow_access_in_browser_settings": "Camera blocked. Allow access in browser settings.",
    "camera_closed_click_open_camera": "Camera closed. Click Open Camera.",
    "attendance_captured": "Attendance captured",
    "camera_ready": "Camera ready",
    "no_attendance_yet": "No attendance yet",
    "face_forward_good_lighting_recommended": "Face forward; good lighting recommended.",
    "requesting_location": "Requesting location…",
    "allow_location": "📍 Allow Location",
    "photos_are_used_only_to_verify_attendance": "Photos are used only to verify attendance. Location is required to confirm presence. On iOS/Safari, camera needs HTTPS and a user gesture to start.",
    "location": "Location:",
    "date": "Date",
    "global_time_range": "Global Time Range",
    "global_total_hours": "Global Total Hours",
    "status": "Status",
    "actions": "Actions",
    "add_attendance": "Add Attendance",
    "edit_attendance": "Edit Attendance",
    "update": "Update",
    "create": "Create",
    "cancel": "Cancel",
    "opening…": "Opening…",
    "start_scanning": "📷 Start Scanning",
    "close_scanner": "❌ Close Scanner",
    "processing_attendance": "⏳ Processing Attendance...",
    "done": "✅ Done",
    "retry": "🔄 Retry",
    "attendance_success": "Attendance Success",
    "attendance_failed": "Attendance Failed",
    "copy_qr": "📋 Copy QR",
    "scanned_qr": "Scanned QR",
    "copy": "📋 Copy",
    "processing_your_attendance": "Processing your attendance...",
    "submitting_qr_data_with_location": "Submitting QR data with location",
    "scanner_ready_point_camera_at_qr_code": "Scanner ready - point camera at QR code",
    "no_scan_yet": "No scan yet",
    "hold_the_qr_inside_the_frame_good_lighting_helps": "Hold the QR inside the frame; good lighting helps.",
    "scan_another_qr": "📷 Scan Another QR",
    "we_only_read_qr_content_for_attendance": "We only read QR content for attendance. Location confirms presence. On iOS/Safari, camera needs HTTPS and a user gesture.",
    "manual_attendance": "🧍 Manual Attendance",
    "name": "Name",
    "employee_code": "Employee Code",
    "branch": "Branch",
    "department": "Department",
    "check_in_time": "Check In Time",
    "bank_name": "Bank Name",
    "no_of_branches": "No of Branches",
    "add_bank": "Add Bank",
    "edit_bank": "Edit Bank",
    "create_bank": "Create Bank",
    "code": "Code",
    "type_status": "Type / Status",
    "add_branch": "Add Branch",
    "branch_edit": "Branch edit",
    "branch_create": "Branch create",
    "client_name": "Client Name",
    "email": "Email",
    "phone": "Phone",
    "client_type": "Client Type",
    "add_client": "Add Client",
    "edit_client": "Edit Client",
    "create_client": "Create Client",
    "add_company": "Add Company",
    "company_edit": "Company edit",
    "company_create": "Company create",
    "subscription": "Subscription",
    "registration": "Registration",
    "add_department": "Add Department",
    "department_edit": "Department edit",
    "department_create": "Department create",
    "document_type": "Document Type",
    "icon": "Icon",
    "add_document_type": "Add Document Type",
    "edit_document_type": "Edit Document Type",
    "create_document_type": "Create Document Type",
    "title": "Title",
    "employee": "Employee",
    "client": "Client",
    "project": "Project",
    "created": "Created",
    "add_document": "Add Document",
    "edit_document": "Edit Document",
    "create_document": "Create Document",
    "employee_details": "Employee Details",
    "project_activity": "Project Activity",
    "financial_information": "Financial Information",
    "assigned_tools": "Assigned Tools",
    "pages": "Pages",
    "payment_type": "Payment Type",
    "date": "Date",
    "description": "Description",
    "amount": "Amount (€)",
    "user_profile": "User Profile",
    "project_activities": "Project Activities",
    "project_name": "Project",
    "employee_name": "Employee Name",
    "salary_type": "Salary Type",
    "salary": "Salary (€)",
    "start_date": "Start Date",
    "end_date": "End Date",
    "tool": "Tool",
    "assign_date": "Assign Date",
    "return_date": "Return Date",
    "badge": "Badge",
    "position": "Position",
    "work_email": "Work Email",
    "add_employee": "Add Employee",
    "something_went_wrong": "Something went wrong!",
    "try_again": "Try again",
    "type": "Type",
    "transaction": "Transaction",
    "expected_rec_pay_date": "Expected Rec/Pay Date",
    "receive_payment_date": "Receive/Payment Date",
    "total": "Total",
    "add_financial_record": "Add Financial Record",
    "edit_record": "Edit Record",
    "create_record": "Create Record",
    "add_type": "Add Type",
    "edit_type": "Edit Type",
    "create_type": "Create Type",
    "print_qr_code": "Print QR Code",
    "damage_no": "Damage No",
    "damage_date": "Damage Date",
    "total_value": "Total Value",
    "tools_count": "Tools Count",
    "note": "Note",
    "add_tool_damage": "Add Tool Damage",
    "edit_tool_damage": "Edit Tool Damage",
    "create_tool_damage": "Create Tool Damage",
    "invoice_no": "Invoice No",
    "purchase_date": "Purchase Date",
    "total_quantity": "Total Quantity",
    "total_amount": "Total Amount",
    "add_purchase": "Add Purchase",
    "edit_purchase": "Edit Purchase",
    "create_purchase": "Create Purchase",
    "transfer_date": "Transfer Date",
    "sender_warehouse": "Sender Warehouse",
    "destination_warehouse": "Destination Warehouse",
    "total_quantity_sent": "Total Quantity Sent",
    "add_stock_transfer": "Add Stock Transfer",
    "edit_stock_transfer": "Edit Stock Transfer",
    "create_stock_transfer": "Create Stock Transfer",
    "distribution_date": "Distribution Date",
    "add_tool_distribution": "Add Tool Distribution",
    "update_return": "Update Return",
    "edit_tool_distribution": "Edit Tool Distribution",
    "create_tool_distribution": "Create Tool Distribution",
    "category_name": "Category Name",
    "add_category": "Add Category",
    "edit_category": "Edit Category",
    "create_category": "Create Category",
    "tool_name": "Tool Name",
    "sku": "SKU",
    "opening_date": "Opening Date",
    "category": "Category",
    "stock_qty": "Stock Qty",
    "minimum_qty": "Minimum Qty",
    "unit_price": "Unit Price",
    "unit_of_measure": "Unit of Measure",
    "add_tool": "Add Tool",
    "edit_tool": "Edit Tool",
    "create_tool": "Create Tool",
    "unit_name": "Unit Name",
    "add_unit": "Add Unit",
    "edit_unit": "Edit Unit",
    "create_unit": "Create Unit",
    "warehouse_name": "Warehouse Name",
    "add_warehouse": "Add Warehouse",
    "edit_warehouse": "Edit Warehouse",
    "create_warehouse": "Create Warehouse",
    "job_category": "Category",
    "employment": "Employment",
    "add_job_position": "Add Job Position",
    "job_position_edit": "Job Position edit",
    "job_position_create": "Job Position create",
    "dashboard": "Dashboard",
    "project_details": "Project Details",
    "employees": "Employees",
    "income_expense": "Income / Expense",
    "project_employee": "Project Employee",
    "overview": "Overview",
    "documents": "Documents",
    "settings": "Settings",
    "recent_activity": "Recent Activity",
    "my_project": "My Project",
    "search_project": "Search Project...",
    "view_all_project": "View All Project",
    "about": "About",
    "designation": "Designation",
    "my_connections": "My Connections",
    "mutual_connections": "Mutual Connections",
    "view_all_connections": "View All Connections",
    "portfolio": "Portfolio",
    "complete_your_profile": "Complete Your Profile",
    "complete": "Complete",
    "skills": "Skills",
    "all_teams": "All Teams",
    "members": "members",
    "information": "Information",
    "full_name": "Full Name",
    "mobile": "Mobile",
    "joining_date": "Joining Date",
    "probation_end_date": "Probation End Date",
    "loading_profile": "Loading profile...",
    "no_profile_data_found": "No profile data found.",
    "change_cover": "Change Cover",
    "recent_activity": "Recent Activity",
    "search": "Search..",
    "load_more": "Load More",
    "personal_details": "Personal Details",
    "change_password": "Change Password",
    "others": "Others",
    "current_password": "Current Password",
    "new_password": "New Password",
    "confirm_password": "Confirm Password",
    "password_requirements": "Password Requirements:",
    "minimum_8_characters_long_the_more_the_better": "Minimum 8 characters long - the more, the better.",
    "at_least_one_lowercase_character": "At least one lowercase character.",
    "at_least_one_number_symbol_or_whitespace_character": "At least one number, symbol, or whitespace character.",
    "recent_device": "Recent Device",
    "logout_all": "Logout All",
    "browser": "Browser",
    "device": "DEVICE",
    "recen_activities": "RECEN ACTIVITIES",
    "logout": "Logout",
    "coming_soon!": "Coming Soon!",
    "first_name": "First Name",
    "last_name": "Last Name",
    "phone_number": "Phone Number",
    "email_address": "Email Address",
    "pick_a_date": "Pick a date",
    "website": "Website",
    "organization": "Organization",
    "language": "Language",
    "select_a_language": "Select a language",
    "english": "English",
    "bangla": "Bangla",
    "arabic": "Arabic",
    "french": "French",
    "spanish": "Spanish",
    "exprience_years": "Exprience Years",
    "to": "To",
    "country": "Country",
    "city": "City",
    "zip_code": "Zip Code",
    "timezone": "Timezone",
    "select_timezone": "Select timezone",
    "dhaka": "(GMT +6.00) Dhaka",
    "rajshahi": "(GMT +6.00) Rajshahi",
    "khulna": "(GMT +7.00) Khulna",
    "barisal": "(GMT +7.00) Barisal",
    "currency": "Currency",
    "select_currency": "Select Currency",
    "usd": "USD",
    "jpy": "JPY",
    "gbp": "GBP",
    "aud": "AUD",
    "save": "Save",
    "add_skills": "Add Skills",
    "data_analytics": "Data Analytics",
    "ops_page_not_found": "Ops! Page Not Found",
    "the_page_you_are_looking_for_might_have_been_removed_had_its_name_changed_or_is_temporarily_unavailable": "The page you are looking for might have been removed had its name changed or is temporarily unavailable.",
    "go_to_homepage": "Go to Homepage",
    "you_are_not_authorized": "You are not Authorized",
    "you_are_missing_the_required_rights_to_be_able_to_access_this_page": "You are missing the required rights to be able to access this page",
    "ops_access_denied": "Ops! Access Denied",
    "ops_page_expired_error": "Ops! Page Expired Error",
    "ops_too_many_request_error": "Ops! Too Many Request Error",
    "ops_internal_server_error": "Ops! Internal Server Error",
    "ops_service_unavailable_error": "Ops! Service Unavailable Error",
    "error_page": "Error Page",
    "hey_hello": "Hey, Hello 👋",
    "enter_the_information_you_entered_while_registering": "Enter the information you entered while registering.",
    "remember_me": "Remember me",
    "forget_password": "Forget Password?",
    "loading": "Loading...",
    "sign_in": "Sign In",
    "don't_have_an_account": "Don't have an account?",
    "sign_up": "Sign Up",
    "utility_page": "Utility Page",
    "get_notified_when_we_launch": "Get notified when we launch",
    "lorem_ipsum_dolor_sit_amet_consectetur_adipiscing_elit_sed_do_eiusmod_tempor_incididunt": "Lorem ipsum dolor sit amet, consectetur adipiscing elit, sed do eiusmod tempor incididunt.",
    "enter_your_email": "Enter your email",
    "notify_me": "Notify me",
    "don’t_worry_we_will_not_spam_you": "*Don’t worry we will not spam you :)",
    "privacy_policy": "Privacy Policy",
    "faq": "FAQ",
    "email_us": "Email Us",
    "we_are_under_maintenance": "We are under maintenance.",
    "we’re_making_the_system_more_awesome": "We’re making the system more awesome. We’ll be back shortly.",
    "two_factor_verification": "Two Factor Verification",
    "enter_the_6_figure_confirmation_code_shown_on_the_email": "Enter the 6 figure confirmation code shown on the email",
    "verify_now": "Verify Now",
    "select_date": "Select Date",
    "view_all": "View All",
    "download": "Download",
    "refresh": "Refresh",
    "full_screen": "Full Screen",
    "search": "Search...",
    "message": "Message",
    "view_all": "View All",
    "notification": "Notification",
    "mark_all_as_read": "Mark all as read",
    "profile": "Profile",
    "log_out": "Log out",
    "light": "Light",
    "dark": "Dark",
    "menu": "menu",
    "storage_capacity": "Storage capacity",
    "out_of_your_total_storage_on_premium_plan_you_have_used_up_40": "Out of your total storage on Premium Plan, you have used up 40%.",
    "upgrade_now": "Upgrade Now",
    "dashtail": "DashTail",
    "new_application": "New Application",
    "image_added": "Image Added",
    "designed_completed": "Designed Completed",
    "robert_nolan_completed": "Robert Nolan completed",
    "crm_application": "CRM Application",
    "designcomplated.pdf": "designComplated.pdf",
    "this_a_orange": "This a Orange",
    "orange_s.a._formerly_france_s.a._is_a_french_multi_national_telecommunications_corporation": "Orange S.A. formerly France S.A. is a French Multi - national telecommunications corporation.",
    "interview_schedule": "Interview Schedule",
    "lorem_ipsum_dolor_sit_amet_consectetur_adipisicing_elit.": "Lorem ipsum, dolor sit amet consectetur adipisicing elit. Possimus quos, voluptates voluptas rem veniam expedita.",
    "permanent_delete": "Permanent Delete",
    "ux/ui_designer": "UX/UI Designer",
    "2_notifications": "2 notifications",
    "commented_on_your_post": "Commented on your post.",
    "view": "View",
    "prantik_repaid_you": "Prantik repaid you",
    "30_minutes_ago": "30 minutes ago",
    "add_block": "Add Block",
    "user_photo_changed": "User Photo Changed",
    "12_minutes_ago": "12 minutes ago",
    "jone_doe_changed_his_avatar_photo": "Jone Doe changed his avatar photo",
    "video_added": "Video Added",
    "1_hour_ago": "1 hour ago",
    "mores_clarke_added_new_video": "Mores Clarke added new video",
    "9_hours_ago": "9 hours ago",
    "3rd_october": "3rd October",
    "6.30_am": "6.30 AM",
    "5th_october": "5th October",
    "9th_october": "9th October",
    "11th_october": "11th October",
    "project_title": "Project Title",
    "dashtail_admin_template": "Dashtail Admin Template",
    "user_template": "User Template",
    "task_list": "Task List",
    "search_list": "Search list...",
    "no_item_found": "No Item found",
    "create_a_list": "Create a list",
    "list_name": "List Name",
    "example_list": "example list..",
    "assign_task_to": "Assign Task To",
    "search_by_name": "Search By Name...",
    "no_new_members": "No new members.",
    "add_tags": "Add Tags",
    "create_a_new_tag": "Create a new tag",
    "type_a_name": "type a name",
    "select_color": "Select Color",
    "search": "Search...",
    "set_task_dependency": "Set Task Dependency",
    "search_tasks": "Search tasks...",
    "no_task_found": "No Task found",
    "select": "select",
    "high": "High",
    "medium": "Medium",
    "low": "Low",
    "set": "Set",
    "due_date": "Due Date",
    "start_date": "Start Date",
    "select": "Select",
    "add_a_new_subtask": "Add a new subtask...",
    "progress": "Progress",
    "completed_subtask": "Completed Subtask",
    "attachments": "Attachments",
    "drag_&_drop_or_choose_files": "Drag & drop or choose files",
    "remove_all": "Remove All",
    "comments": "comments",
    "comment": "comment",
    "today": "Today",
    "don’t_let_it_go_unsaid!_post_a_comment_to_start_a_discussion._@mention_someone_to_notify_them.": "Don’t let it go unsaid! Post a comment to start a discussion. @Mention someone to notify them.",
    "type_your_message": "Type your message...",
    "subtasks": "subtasks",
    "add_a_due_date": "Add a due date",
    "manage_tags": "Manage Tags",
    "convert_to_a_task": "Convert to a task",
    "move_into_another_task": "Move into another task",
    "delete": "Delete",
    "no_task_here": "No Task Here",
    "there_is_no_task_create._if_you_create_a_new_task_then_click_this_button_&_create_new_board.": "There is no task create. If you create a new task then click this button & create new board.",
    "create_board": "Create Board",
    "all_task": "All Task",
    "group_by:_status": "Group By: status",
    "inprogress": "Inprogress",
    "complete": "Complete",
    "kanban": "Kanban",
    "list_view": "List View",
    "edit": "Edit",
    "delete": "Delete",
    "add_task": "Add Task",
    "board_name": "Board Name",
    "assign_color": "Assign Color",
    "task": "Task",
    "list": "List",
    "assigns": "Assigns",
    "priority": "Priority",
    "story_point": "Story Point",
    "add": "Add...",
    "add_a_task": "Add a task",
    "columns": "Columns",
    "search_files": "Search File",
    "image": "Image",
    "file": "File",
    "audio": "Audio",
    "video": "Video",
    "upload_file": "Upload File",
    "project_files": "Project Files",
    "total_382_files_26gb_space_usage": "Total 382 files, 26GB space usage",
    "file_name": "File Name",
    "type": "Type",
    "size": "Size",
    "upload_date": "Upload Date",
    "direction": "Direction",
    "choose_your_direction": "Choose your direction",
    "ltr": "Ltr",
    "rtl": "Rtl",
    "layout": "Layout",
    "choose_your_layout": "Choose your layout",
    "vertical": "Vertical",
    "horizontal": "Horizontal",
    "semi-box": "Semi-Box",
    "color_scheme": "Color Scheme",
    "choose_light_or_dark_scheme": "Choose Light or Dark Scheme.",
    "sidebar_layout": "Sidebar Layout",
    "module": "Module",
    "classic": "Classic",
    "popover": "Popover",
    "sidebar_image": "Sidebar Image",
    "choose_a_image_of_sidebar": "Choose a image of Sidebar.",
    "rounded": "Rounded",
    "navbar_type": "Navbar Type",
    "sticky": "sticky",
    "static": "static",
    "floating": "floating",
    "hidden": "hidden",
    "footer_type": "Footer Type",
    "theme": "Theme",
    "choose_a_theme": "Choose a Theme",
    "theme_customizer": "Theme Customizer",
    "buy_now": "Buy Now",
    "our_portfolio": "Our Portfolio",
    "copyright_©_2024_dashtail_all_rights_reserved": "COPYRIGHT © 2024 DashTail All rights Reserved",
    "hand-crafted_&_made_by": "Hand-crafted & Made by",
    "codeshaper": "Codeshaper",
    "search": "Search",
    "settings": "Settings",
    "view_all": "View All",
    "download": "Download",
    "refresh": "Refresh",
    "full_screen": "Full Screen",
    "message": "Message",
    "notification": "Notification",
    "mark_all_as_read": "Mark all as read",
    "profile": "Profile",
    "log_out": "Log out",
    "light": "Light",
    "dark": "Dark",
    "menu": "menu",
    "storage_capacity": "Storage capacity",
    "out_of_your_total_storage_on_premium_plan_you_have_used_up_40%": "Out of your total storage on Premium Plan, you have used up 40%.",
    "upgrade_now": "Upgrade Now",
    "dashtail": "DashTail",
    "new_application": "New Application",
    "image_added": "Image Added",
    "designed_completed": "Designed Completed",
    "robert_nolan_completed": "Robert Nolan completed",
    "crm_application": "CRM Application",
    "designcomplated.pdf": "designComplated.pdf",
    "this_a_orange": "This a Orange",
    "orange_s.a._formerly_france_s.a._is_a_french_multi_national_telecommunications_corporation.": "Orange S.A. formerly France S.A. is a French Multi - national telecommunications corporation.",
    "interview_schedule": "Interview Schedule",
    "lorem_ipsum_dolor_sit_amet_consectetur_adipisicing_elit._possimus_quos_voluptates_voluptas_rem_veniam_expedita.": "Lorem ipsum, dolor sit amet consectetur adipisicing elit. Possimus quos, voluptates voluptas rem veniam expedita.",
    "permanent_delete": "Permanent Delete",
    "ux/ui_designer": "UX/UI Designer",
    "2_notifications": "2 notifications",
    "commented_on_your_post.": "Commented on your post.",
    "view": "View",
    "prantik_repaid_you": "Prantik repaid you",
    "30_minutes_ago": "30 minutes ago",
    "add_block": "Add Block",
    "user_photo_changed": "User Photo Changed",
    "12_minutes_ago": "12 minutes ago",
    "jone_doe_changed_his_avatar_photo": "Jone Doe changed his avatar photo",
    "video_added": "Video Added",
    "1_hour_ago": "1 hour ago",
    "mores_clarke_added_new_video": "Mores Clarke added new video",
    "9_hours_ago": "9 hours ago",
    "3rd_october": "3rd October",
    "6.30_am": "6.30 AM",
    "5th_october": "5th October",
    "9th_october": "9th October",
    "11th_october": "11th October",
    "project_title": "Project Title",
    "dashtail_admin_template": "Dashtail Admin Template",
    "user_template": "User Template",
    "task_list": "Task List",
    "search_list...": "Search list...",
    "no_item_found": "No Item found",
    "create_a_list": "Create a list",
    "list_name": "List Name",
    "example_list..": "example list..",
    "assign_task_to": "Assign Task To",
    "search_by_name...": "Search By Name...",
    "no_new_members.": "No new members.",
    "add_tags": "Add Tags",
    "create_a_new_tag": "Create a new tag",
    "type_a_name": "type a name",
    "select_color": "Select Color",
    "search...": "Search...",
    "set_task_dependency": "Set Task Dependency",
    "search_tasks...": "Search tasks...",
    "no_task_found": "No Task found",
    "select": "select",
    "high": "High",
    "medium": "Medium",
    "low": "Low",
    "set": "Set",
    "due_date": "Due Date",
    "start_date": "Start Date",
    "select": "Select",
    "add_a_new_subtask...": "Add a new subtask...",
    "progress": "Progress",
    "completed_subtask": "Completed Subtask",
    "attachments": "Attachments",
    "drag_&_drop_or_choose_files": "Drag & drop or choose files",
    "remove_all": "Remove All",
    "comments": "comments",
    "comment": "comment",
    "today": "Today",
    "don’t_let_it_go_unsaid!_post_a_comment_to_start_a_discussion._@mention_someone_to_notify_them.": "Don’t let it go unsaid! Post a comment to start a discussion. @Mention someone to notify them.",
    "type_your_message...": "Type your message...",
    "subtasks": "subtasks",
    "add_a_due_date": "Add a due date",
    "manage_tags": "Manage Tags",
    "convert_to_a_task": "Convert to a task",
    "move_into_another_task": "Move into another task",
    "delete": "Delete",
    "no_task_here": "No Task Here",
    "there_is_no_task_create._if_you_create_a_new_task_then_click_this_button_&_create_new_board.": "There is no task create. If you create a new task then click this button & create new board.",
    "create_board": "Create Board",
    "all_task": "All Task",
    "group_by:_status": "Group By: status",
    "inprogress": "Inprogress",
    "complete": "Complete",
    "kanban": "Kanban",
    "list_view": "List View",
    "edit": "Edit",
    "delete": "Delete",
    "add_task": "Add Task",
    "board_name": "Board Name",
    "assign_color": "Assign Color",
    "task": "Task",
    "list": "List",
    "assigns": "Assigns",
    "priority": "Priority",
    "story_point": "Story Point",
    "add...": "Add...",
    "add_a_task": "Add a task",
    "columns": "Columns",
    "search_file": "Search File",
    "image": "Image",
    "file": "File",
    "audio": "Audio",
    "video": "Video",
    "upload_file": "Upload File",
    "project_files": "Project Files",
    "total_382_files,_26gb_space_usage": "Total 382 files, 26GB space usage",
    "file_name": "File Name",
    "type": "Type",
    "size": "Size",
    "upload_date": "Upload Date",
    "direction": "Direction",
    "choose_your_direction": "Choose your direction",
    "ltr": "Ltr",
    "rtl": "Rtl",
    "layout": "Layout",
    "choose_your_layout": "Choose your layout",
    "vertical": "Vertical",
    "horizontal": "Horizontal",
    "semi-box": "Semi-Box",
    "color_scheme": "Color Scheme",
    "choose_light_or_dark_scheme.": "Choose Light or Dark Scheme.",
    "sidebar_layout": "Sidebar Layout",
    "module": "Module",
    "classic": "Classic",
    "popover": "Popover",
    "sidebar_image": "Sidebar Image",
    "choose_a_image_of_sidebar.": "Choose a image of Sidebar.",
    "rounded": "Rounded",
    "navbar_type": "Navbar Type",
    "sticky": "sticky",
    "static": "static",
    "floating": "floating",
    "hidden": "hidden",
    "footer_type": "Footer Type",
    "theme": "Theme",
    "choose_a_theme": "Choose a Theme",
    "theme_customizer": "Theme Customizer",
    "buy_now": "Buy Now",
    "our_portfolio": "Our Portfolio",
    "copyright_©_2024_dashtail_all_rights_reserved": "COPYRIGHT © 2024 DashTail All rights Reserved",
    "hand-crafted_&_made_by": "Hand-crafted & Made by",
    "codeshaper": "Codeshaper",
    "search": "Search",
    "settings": "Settings"
}