{
    "user_experience": "Experiência do Utilizador",
    "developer_experience": "Experiência do Desenvolvedor",
    "latest_framework": "Estrutura Mais Recente",
    "rich_library": "Biblioteca Rica",
    "multiple_layouts": "Múltiplos Layouts",
    "style_customizer": "Personalizador de Estilo",
    "starter_kit": "Kit Inicial",
    "customize_with_ease": "Personalize com Facilidade",
    "value_for_money": "Relação Qualidade-Preço",
    "well_documented": "Bem Documentado",
    "regular_updates": "Atualizações Regulares",
    "dedicated_support": "Suporte Dedicado",
    "why_choose_dashtail": "Porquê Escolher o DashTail",
    "transform_your_development_experience": "Transforme a sua experiência de desenvolvimento com o nosso modelo de administração ultra-personalizável e amigável para o desenvolvedor: criando jornadas de utilizador excecionais de forma fácil.",
    "a_legacy_of_trust": "Um Legado de Confiança",
    "premium_budget_friendly_solutions": "Soluções premium e económicas para aplicações web, independentemente do tamanho, utilizando as estruturas mais confiáveis e ferramentas familiares.",
    "exclusive_author": "Autor Exclusivo",
    "weekly_top_seller": "Mais Vendido da Semana",
    "featured_author": "Autor em Destaque",
    "6_years_membership": "6 Anos de Filiação",
    "trendsetter": "Marcador de Tendências",
    "on_themeforest": "No ThemeForest",
    "end_users": "Utilizadores Finais",
    "love_codeshaper": "Adoro o Codeshaper",
    "5_reviews": "5 Avaliações",
    "component_collection": "Coleção de Componentes",
    "dashtail_admin_template_offers_a_variety": "O Modelo de Administração DashTail oferece uma variedade de componentes cuidadosamente desenhados, perfeitos para criar componentes reutilizáveis avançados, páginas, painéis, etc.",
    "color_schemes": "Esquemas de Cores",
    "define_your_digital_environment": "Defina o seu ambiente digital: navegue pela nossa seleção abrangente de esquemas de cores personalizáveis, perfeitos para combinar com qualquer identidade de marca.",
    "express_your_own_style": "Expresse o Seu Próprio Estilo Com Um Clique",
    "workload": "Carga de Trabalho",
    "users": "Utilizadores",
    "in_last_30_minutes": "Nos Últimos 30 Minutos",
    "user_per_minutes": "Utilizador Por Minuto",
    "tools_and_technologies": "Ferramentas e Tecnologias",
    "using_top_ui_frameworks": "Utilizando as principais estruturas de UI e as tecnologias mais recentes, construa a sua aplicação de sonho com a nossa plataforma, suportada por atualizações regulares. Explore a tecnologia que empregamos.",
    "for_designer": "Para Designer",
    "empower_your_design_process": "Capacite o seu processo de design com o Painel de Administração DashTail, apresentando um ficheiro Figma exclusivo para opções de personalização melhoradas.",
    "figma_workplace": "Área de Trabalho Figma",
    "work_with_us": "Trabalhe Connosco",
    "since_2017_we_ve_been_helping": "Desde 2017, temos ajudado desenvolvedores, empreendedores, startups e agências governamentais. Conte com a CodeShaper para fornecer uma transformação à medida que se adapta perfeitamente aos seus objetivos de negócio.",
    "take_a_tour": "Faça um Tour",
    "contact_us": "Contacte-nos",
    "view_product": "Ver Produto",
    "support": "Suporte",
    "if_you_have_any_questions": "Se tiver alguma questão ou encontrar problemas com o nosso script, a nossa equipa de suporte está disponível para o ajudar. Eles responderão a perguntas e fornecerão suporte limitado através do nosso sistema de suporte dedicado.",
    "get_support": "Obter Suporte",
    "community": "Comunidade",
    "your_question_may_have_already_been_addressed": "A sua pergunta pode já ter sido abordada no nosso servidor Discord. Sinta-se à vontade para fazer quaisquer perguntas sobre o nosso modelo lá também. Junte-se ao nosso servidor Discord para se conectar connosco.",
    "join_comunity": "Junte-se à Comunidade",
    "faqs": "FAQs",
    "got_questions": "Tem Perguntas? Compilámos uma lista de respostas às suas perguntas mais frequentes. Se não encontrar o que procura aqui, não hesite em contactar-nos.",
    "what_is_a_regular_license": "O que é uma Licença Regular?",
    "a_regular_license_is_designed_for": "Uma Licença Regular é projetada para um único produto final que é gratuito para os utilizadores finais. Esta licença é adequada para projetos pessoais e de clientes. Note que cada produto final ou domínio requer a sua própria Licença Regular.",
    "can_you_explain_the_extended_license": "Pode explicar a Licença Estendida?",
    "an_extended_license_is_needed_for": "Uma Licença Estendida é necessária para um único produto final que envolve cobrar aos utilizadores finais, como um modelo de subscrição ou num mercado. Isto aplica-se tanto aos seus próprios projetos como aos desenvolvidos para clientes. Cada utilização de produto final ou domínio exige uma Licença Estendida separada.",
    "which_license_should_i_use_for_a_saas_application": "Que licença devo usar para uma aplicação SaaS?",
    "if_your_saas_application_charges_users": "Se a sua aplicação SaaS cobra aos utilizadores, precisará de uma Licença Estendida para cada produto final. Caso contrário, uma Licença Regular é adequada. Pode saber mais na Envato.",
    "do_you_provide_design_frames_and_github_access": "Fornecem frames de design e acesso ao GitHub?",
    "dashtail_itself_doesnt_include_figma": "O DashTail em si não inclui ficheiros de design Figma automaticamente, mas ficamos felizes em fornecê-los gratuitamente mediante solicitação. Isto permite uma personalização flexível no Figma. Se precisar de acesso ao GitHub, pode pedir à nossa equipa de suporte.",
    "what_skills_are_needed_to_use_dashtail": "Que competências são necessárias para usar o DashTail?",
    "using_dashtail_effectively_requires": "Usar o DashTail eficazmente requer um conhecimento fundamental de desenvolvimento front-end, particularmente com Tailwind e React para uma personalização mais profunda. É importante lembrar que o DashTail é um modelo de front-end; o conhecimento de desenvolvimento back-end também é necessário para o desenvolvimento completo do projeto.",
    "how_are_updates_and_upgrades_handled": "Como são tratadas as atualizações e upgrades?",
    "the_latest_dashtail_version_can_always_be_downloaded": "A versão mais recente do DashTail pode sempre ser descarregada do ThemeForest sem qualquer custo adicional. As atualizações podem ser facilmente integradas consultando o nosso registo de alterações e o repositório do GitHub.",
    "what_is_your_support_policy": "Qual é a vossa política de suporte?",
    "we_offer_dedicated_support_through_our_portal": "Oferecemos suporte dedicado através do nosso portal, seguindo de perto a política de suporte de itens da Envato para fornecer ajuda atempada e eficiente.",
    "is_dashtail_worth_the_investment": "O DashTail vale o investimento?",
    "absolutely_dashtail_is_meticulously_crafted": "Absolutamente. O DashTail é meticulosamente criado para otimizar o processo de desenvolvimento, oferecendo uma forma contínua e eficiente de construir a sua UI web. É um investimento que vale a pena para qualquer desenvolvedor que procure qualidade e eficiência.",
    "how_can_i_get_help_with_dashtail": "Como posso obter ajuda com o DashTail?",
    "for_assistance_head_over_to_our_support_portal": "Para assistência, dirija-se ao nosso portal de suporte, registe-se e submeta um ticket. A nossa equipa de suporte dedicada está pronta para resolver quaisquer problemas que possa enfrentar.",
    "pricing_plan": "Plano de Preços",
    "dashtail_stands_as_a_prudent_investment": "O DashTail representa um investimento prudente, protegendo-o de milhares em despesas potenciais. Com cada atualização, amplifique ainda mais o seu valor.",
    "regular_license": "Licença Regular",
    "suitable_for_you_or_one_client": "Adequado para si ou para um cliente, esta licença cobre um único produto final que é acessível aos utilizadores finais sem custos.",
    "whats_included": "O que está incluído",
    "quality_assurance_by_envato": "Garantia de qualidade pela Envato",
    "free_lifetime_updates": "Atualizações vitalícias gratuitas.",
    "support_for_six_months": "Suporte por seis meses.",
    "customization_guidance_and_consultancy": "Orientação e consultoria de personalização.",
    "remote_support_skype_support": "Suporte Remoto, suporte Skype.",
    "anydesk_teamviewer_support": "Suporte Anydesk/Teamviewer.",
    "free_installation": "Instalação gratuita.",
    "buy_now": "Comprar Agora",
    "extend_license": "Licença Estendida",
    "custom_license": "Licença Personalizada",
    "should_your_business_necessitate": "Se o seu negócio necessitar de um acordo de licenciamento único, por favor Entre em Contacto para explorar soluções personalizadas.",
    "dashtail_tailwind_react_next_admin_dashboard_template": "DashTail - Modelo de Painel de Administração Tailwind, React Next",
    "dashtail_is_a_developer_friendly": "O DashTail é um modelo de administração amigável para o desenvolvedor, pronto a usar, projetado para construir aplicações web atrativas, escaláveis e de alto desempenho, alimentado pelas tecnologias de ponta do Next.js e Tailwind CSS.",
    "view_demo": "Ver Demonstração",
    "view_documentation": "Ver Documentação",
    "copyright_2024_dashtail_all_rights_reserved": "COPYRIGHT © 2024 DashTail Todos os direitos reservados",
    "hand_crafted_made_by_codeshaper": "Feito à mão e por Codeshaper"
}