{
    "type": "FeatureCollection",
    "name": "USLabels",
    "crs": {
        "type": "name",
        "properties": {
            "name": "urn:ogc:def:crs:OGC:1.3:CRS84"
        }
    },
    "features": [
        {
            "type": "Feature",
            "properties": {
                "Name": "NY",
                "description": "New York",
                "altitudeMode": "clampToGround",
                "tessellate": "-1",
                "extrude": "0",
                "visibility": "-1",
                "snippet": ""
            },
            "geometry": {
                "type": "Point",
                "coordinates": [
                    -75.498046875,
                    42.90816007196054,
                    0.0
                ]
            }
        },
        {
            "type": "Feature",
            "properties": {
                "Name": "AL",
                "description": "Alabama",
                "altitudeMode": "clampToGround",
                "tessellate": "-1",
                "extrude": "0",
                "visibility": "-1",
                "snippet": ""
            },
            "geometry": {
                "type": "Point",
                "coordinates": [
                    -86.8434593,
                    32.7396323,
                    0.0
                ]
            }
        },
        {
            "type": "Feature",
            "properties": {
                "Name": "AK",
                "description": "Alaska",
                "extrude": "0",
                "visibility": "-1",
                "snippet": ""
            },
            "geometry": {
                "type": "Point",
                "coordinates": [
                    -152.8370679,
                    63.346191,
                    0.0
                ]
            }
        },
        {
            "type": "Feature",
            "properties": {
                "Name": "AZ",
                "description": "Arizona",
                "extrude": "0",
                "visibility": "-1",
                "snippet": ""
            },
            "geometry": {
                "type": "Point",
                "coordinates": [
                    -111.602401,
                    34.2099643,
                    0.0
                ]
            }
        },
        {
            "type": "Feature",
            "properties": {
                "Name": "AR",
                "description": "Arakansa",
                "extrude": "0",
                "visibility": "-1",
                "snippet": ""
            },
            "geometry": {
                "type": "Point",
                "coordinates": [
                    -92.4446262,
                    34.8955256,
                    0.0
                ]
            }
        },
        {
            "type": "Feature",
            "properties": {
                "Name": "CA",
                "description": "California",
                "tessellate": "-1",
                "extrude": "0",
                "visibility": "-1",
                "snippet": ""
            },
            "geometry": {
                "type": "Point",
                "coordinates": [
                    -119.7509765625,
                    37.125286284966805,
                    0.0
                ]
            }
        },
        {
            "type": "Feature",
            "properties": {
                "Name": "CO",
                "description": "Colarado",
                "tessellate": "-1",
                "extrude": "0",
                "visibility": "-1",
                "snippet": ""
            },
            "geometry": {
                "type": "Point",
                "coordinates": [
                    -105.5077737,
                    38.9935752,
                    0.0
                ]
            }
        },
        {
            "type": "Feature",
            "properties": {
                "Name": "CT",
                "description": "Conneticut",
                "tessellate": "-1",
                "extrude": "0",
                "visibility": "-1",
                "snippet": ""
            },
            "geometry": {
                "type": "Point",
                "coordinates": [
                    -72.7466666,
                    41.5797842,
                    0.0
                ]
            }
        },
        {
            "type": "Feature",
            "properties": {
                "Name": "DE",
                "description": "Delaware",
                "tessellate": "-1",
                "extrude": "0",
                "visibility": "-1",
                "snippet": ""
            },
            "geometry": {
                "type": "Point",
                "coordinates": [
                    -75.4473739,
                    38.9935501,
                    0.0
                ]
            }
        },
        {
            "type": "Feature",
            "properties": {
                "Name": "DC",
                "description": "District of Columbia",
                "altitudeMode": "clampToGround",
                "tessellate": "-1",
                "extrude": "0",
                "visibility": "-1",
                "snippet": ""
            },
            "geometry": {
                "type": "Point",
                "coordinates": [
                    -77.0170942,
                    38.9041485,
                    0.0
                ]
            }
        },
        {
            "type": "Feature",
            "properties": {
                "Name": "FL",
                "description": "Florida",
                "tessellate": "-1",
                "extrude": "0",
                "visibility": "-1",
                "snippet": ""
            },
            "geometry": {
                "type": "Point",
                "coordinates": [
                    -82.4091478,
                    28.4574302,
                    0.0
                ]
            }
        },
        {
            "type": "Feature",
            "properties": {
                "Name": "GA",
                "description": "Georgia",
                "altitudeMode": "clampToGround",
                "tessellate": "-1",
                "extrude": "0",
                "visibility": "-1",
                "snippet": ""
            },
            "geometry": {
                "type": "Point",
                "coordinates": [
                    -83.4232125,
                    32.629384,
                    0.0
                ]
            }
        },
        {
            "type": "Feature",
            "properties": {
                "Name": "HI",
                "description": "Hawaii",
                "altitudeMode": "clampToGround",
                "tessellate": "-1",
                "extrude": "0",
                "visibility": "-1",
                "snippet": ""
            },
            "geometry": {
                "type": "Point",
                "coordinates": [
                    -155.5061027,
                    19.809767,
                    0.0
                ]
            }
        },
        {
            "type": "Feature",
            "properties": {
                "Name": "ID",
                "description": "Idaho",
                "altitudeMode": "clampToGround",
                "tessellate": "-1",
                "extrude": "0",
                "visibility": "-1",
                "snippet": ""
            },
            "geometry": {
                "type": "Point",
                "coordinates": [
                    -114.5956254,
                    44.3020948,
                    0.0
                ]
            }
        },
        {
            "type": "Feature",
            "properties": {
                "Name": "IL",
                "description": "Illinois",
                "altitudeMode": "clampToGround",
                "tessellate": "-1",
                "extrude": "0",
                "visibility": "-1",
                "snippet": ""
            },
            "geometry": {
                "type": "Point",
                "coordinates": [
                    -89.1526108,
                    40.1028754,
                    0.0
                ]
            }
        },
        {
            "type": "Feature",
            "properties": {
                "Name": "IN",
                "description": "Indiana",
                "altitudeMode": "clampToGround",
                "tessellate": "-1",
                "extrude": "0",
                "visibility": "-1",
                "snippet": ""
            },
            "geometry": {
                "type": "Point",
                "coordinates": [
                    -86.2839503,
                    39.9030256,
                    0.0
                ]
            }
        },
        {
            "type": "Feature",
            "properties": {
                "Name": "IA",
                "description": "Iowa",
                "altitudeMode": "clampToGround",
                "tessellate": "-1",
                "extrude": "0",
                "visibility": "-1",
                "snippet": ""
            },
            "geometry": {
                "type": "Point",
                "coordinates": [
                    -93.4933473,
                    42.0700243,
                    0.0
                ]
            }
        },
        {
            "type": "Feature",
            "properties": {
                "Name": "KS",
                "description": "Kansas",
                "altitudeMode": "clampToGround",
                "tessellate": "-1",
                "extrude": "0",
                "visibility": "-1",
                "snippet": ""
            },
            "geometry": {
                "type": "Point",
                "coordinates": [
                    -98.3834298,
                    38.4985464,
                    0.0
                ]
            }
        },
        {
            "type": "Feature",
            "properties": {
                "Name": "KY",
                "description": "Kentucky",
                "altitudeMode": "clampToGround",
                "tessellate": "-1",
                "extrude": "0",
                "visibility": "-1",
                "snippet": ""
            },
            "geometry": {
                "type": "Point",
                "coordinates": [
                    -85.2929841,
                    37.5336807,
                    0.0
                ]
            }
        },
        {
            "type": "Feature",
            "properties": {
                "Name": "LA",
                "description": "Louisiana",
                "altitudeMode": "clampToGround",
                "tessellate": "-1",
                "extrude": "0",
                "visibility": "-1",
                "snippet": ""
            },
            "geometry": {
                "type": "Point",
                "coordinates": [
                    -92.103273,
                    30.8577705,
                    0.0
                ]
            }
        },
        {
            "type": "Feature",
            "properties": {
                "Name": "ME",
                "description": "Maine",
                "altitudeMode": "clampToGround",
                "tessellate": "-1",
                "extrude": "0",
                "visibility": "-1",
                "snippet": ""
            },
            "geometry": {
                "type": "Point",
                "coordinates": [
                    -68.6574869,
                    45.3906022,
                    0.0
                ]
            }
        },
        {
            "type": "Feature",
            "properties": {
                "Name": "MD",
                "description": "Maryland",
                "altitudeMode": "clampToGround",
                "tessellate": "-1",
                "extrude": "0",
                "visibility": "-1",
                "snippet": ""
            },
            "geometry": {
                "type": "Point",
                "coordinates": [
                    -76.6744939,
                    38.9466584,
                    0.0
                ]
            }
        },
        {
            "type": "Feature",
            "properties": {
                "Name": "MA",
                "description": "Maryland",
                "altitudeMode": "clampToGround",
                "tessellate": "-1",
                "extrude": "0",
                "visibility": "-1",
                "snippet": ""
            },
            "geometry": {
                "type": "Point",
                "coordinates": [
                    -71.4895915,
                    42.1565196,
                    0.0
                ]
            }
        },
        {
            "type": "Feature",
            "properties": {
                "Name": "MI",
                "description": "Michigan",
                "altitudeMode": "clampToGround",
                "tessellate": "-1",
                "extrude": "0",
                "visibility": "-1",
                "snippet": ""
            },
            "geometry": {
                "type": "Point",
                "coordinates": [
                    -84.4189453125,
                    44.84029065139799,
                    0.0
                ]
            }
        },
        {
            "type": "Feature",
            "properties": {
                "Name": "MN",
                "description": "Minnesota",
                "altitudeMode": "clampToGround",
                "tessellate": "-1",
                "extrude": "0",
                "visibility": "-1",
                "snippet": ""
            },
            "geometry": {
                "type": "Point",
                "coordinates": [
                    -94.5703125,
                    46.37725420510028,
                    0.0
                ]
            }
        },
        {
            "type": "Feature",
            "properties": {
                "Name": "MS",
                "description": "Missippi",
                "altitudeMode": "clampToGround",
                "tessellate": "-1",
                "extrude": "0",
                "visibility": "-1",
                "snippet": ""
            },
            "geometry": {
                "type": "Point",
                "coordinates": [
                    -89.6561493,
                    32.6864655,
                    0.0
                ]
            }
        },
        {
            "type": "Feature",
            "properties": {
                "Name": "MO",
                "description": "Missouri",
                "altitudeMode": "clampToGround",
                "tessellate": "-1",
                "extrude": "0",
                "visibility": "-1",
                "snippet": ""
            },
            "geometry": {
                "type": "Point",
                "coordinates": [
                    -92.4567826,
                    38.35075,
                    0.0
                ]
            }
        },
        {
            "type": "Feature",
            "properties": {
                "Name": "MT",
                "description": "Montana",
                "altitudeMode": "clampToGround",
                "tessellate": "-1",
                "extrude": "0",
                "visibility": "-1",
                "snippet": ""
            },
            "geometry": {
                "type": "Point",
                "coordinates": [
                    -109.6348174,
                    47.0511771,
                    0.0
                ]
            }
        },
        {
            "type": "Feature",
            "properties": {
                "Name": "NE",
                "description": "Nebraska",
                "altitudeMode": "clampToGround",
                "tessellate": "-1",
                "extrude": "0",
                "visibility": "-1",
                "snippet": ""
            },
            "geometry": {
                "type": "Point",
                "coordinates": [
                    -99.8123253,
                    41.5438105,
                    0.0
                ]
            }
        },
        {
            "type": "Feature",
            "properties": {
                "Name": "NV",
                "description": "Nevada",
                "altitudeMode": "clampToGround",
                "tessellate": "-1",
                "extrude": "0",
                "visibility": "-1",
                "snippet": ""
            },
            "geometry": {
                "type": "Point",
                "coordinates": [
                    -116.6151469,
                    39.3310928,
                    0.0
                ]
            }
        },
        {
            "type": "Feature",
            "properties": {
                "Name": "NH",
                "description": "New Hampshire",
                "altitudeMode": "clampToGround",
                "tessellate": "-1",
                "extrude": "0",
                "visibility": "-1",
                "snippet": ""
            },
            "geometry": {
                "type": "Point",
                "coordinates": [
                    -71.5811278,
                    43.6708595,
                    0.0
                ]
            }
        },
        {
            "type": "Feature",
            "properties": {
                "Name": "NJ",
                "description": "New Jersey",
                "altitudeMode": "clampToGround",
                "tessellate": "-1",
                "extrude": "0",
                "visibility": "-1",
                "snippet": ""
            },
            "geometry": {
                "type": "Point",
                "coordinates": [
                    -74.6652012,
                    40.1072744,
                    0.0
                ]
            }
        },
        {
            "type": "Feature",
            "properties": {
                "Name": "NM",
                "description": "New Mexico",
                "altitudeMode": "clampToGround",
                "tessellate": "-1",
                "extrude": "0",
                "visibility": "-1",
                "snippet": ""
            },
            "geometry": {
                "type": "Point",
                "coordinates": [
                    -106.1261511,
                    34.4391265,
                    0.0
                ]
            }
        },
        {
            "type": "Feature",
            "properties": {
                "Name": "NC",
                "description": "North Carolina",
                "altitudeMode": "clampToGround",
                "tessellate": "-1",
                "extrude": "0",
                "visibility": "-1",
                "snippet": ""
            },
            "geometry": {
                "type": "Point",
                "coordinates": [
                    -79.1308636,
                    35.53971,
                    0.0
                ]
            }
        },
        {
            "type": "Feature",
            "properties": {
                "Name": "ND",
                "description": "North Dakota",
                "altitudeMode": "clampToGround",
                "tessellate": "-1",
                "extrude": "0",
                "visibility": "-1",
                "snippet": ""
            },
            "geometry": {
                "type": "Point",
                "coordinates": [
                    -100.4619304,
                    47.4569538,
                    0.0
                ]
            }
        },
        {
            "type": "Feature",
            "properties": {
                "Name": "OH",
                "description": "Ohio",
                "altitudeMode": "clampToGround",
                "tessellate": "-1",
                "extrude": "0",
                "visibility": "-1",
                "snippet": ""
            },
            "geometry": {
                "type": "Point",
                "coordinates": [
                    -82.7119975,
                    40.4149297,
                    0.0
                ]
            }
        },
        {
            "type": "Feature",
            "properties": {
                "Name": "OK",
                "description": "Oklahama",
                "altitudeMode": "clampToGround",
                "tessellate": "-1",
                "extrude": "0",
                "visibility": "-1",
                "snippet": ""
            },
            "geometry": {
                "type": "Point",
                "coordinates": [
                    -97.4868683,
                    35.5894185,
                    0.0
                ]
            }
        },
        {
            "type": "Feature",
            "properties": {
                "Name": "OR",
                "description": "Oregon",
                "altitudeMode": "clampToGround",
                "tessellate": "-1",
                "extrude": "0",
                "visibility": "-1",
                "snippet": ""
            },
            "geometry": {
                "type": "Point",
                "coordinates": [
                    -120.6226269,
                    43.9715225,
                    0.0
                ]
            }
        },
        {
            "type": "Feature",
            "properties": {
                "Name": "PA",
                "description": "Pennsylvania",
                "altitudeMode": "clampToGround",
                "tessellate": "-1",
                "extrude": "0",
                "visibility": "-1",
                "snippet": ""
            },
            "geometry": {
                "type": "Point",
                "coordinates": [
                    -77.8280624,
                    40.9042486,
                    0.0
                ]
            }
        },
        {
            "type": "Feature",
            "properties": {
                "Name": "RI",
                "description": "Rhode Island",
                "altitudeMode": "clampToGround",
                "tessellate": "-1",
                "extrude": "0",
                "visibility": "-1",
                "snippet": ""
            },
            "geometry": {
                "type": "Point",
                "coordinates": [
                    -71.5252895,
                    41.5978358,
                    0.0
                ]
            }
        },
        {
            "type": "Feature",
            "properties": {
                "Name": "SC",
                "description": "South Carolina",
                "altitudeMode": "clampToGround",
                "tessellate": "-1",
                "extrude": "0",
                "visibility": "-1",
                "snippet": ""
            },
            "geometry": {
                "type": "Point",
                "coordinates": [
                    -80.8542699,
                    33.8741769,
                    0.0
                ]
            }
        },
        {
            "type": "Feature",
            "properties": {
                "Name": "SD",
                "description": "South Dakota",
                "altitudeMode": "clampToGround",
                "tessellate": "-1",
                "extrude": "0",
                "visibility": "-1",
                "snippet": ""
            },
            "geometry": {
                "type": "Point",
                "coordinates": [
                    -100.2381762,
                    44.4467957,
                    0.0
                ]
            }
        },
        {
            "type": "Feature",
            "properties": {
                "Name": "TN",
                "description": "Tennesee",
                "altitudeMode": "clampToGround",
                "tessellate": "-1",
                "extrude": "0",
                "visibility": "-1",
                "snippet": ""
            },
            "geometry": {
                "type": "Point",
                "coordinates": [
                    -86.3493573,
                    35.8585639,
                    0.0
                ]
            }
        },
        {
            "type": "Feature",
            "properties": {
                "Name": "TX",
                "description": "Texas",
                "altitudeMode": "clampToGround",
                "tessellate": "-1",
                "extrude": "0",
                "visibility": "-1",
                "snippet": ""
            },
            "geometry": {
                "type": "Point",
                "coordinates": [
                    -99.2818238,
                    31.4347032,
                    0.0
                ]
            }
        },
        {
            "type": "Feature",
            "properties": {
                "Name": "UT",
                "description": "Utah",
                "altitudeMode": "clampToGround",
                "tessellate": "-1",
                "extrude": "0",
                "visibility": "-1",
                "snippet": ""
            },
            "geometry": {
                "type": "Point",
                "coordinates": [
                    -111.6563633,
                    39.3349735,
                    0.0
                ]
            }
        },
        {
            "type": "Feature",
            "properties": {
                "Name": "VT",
                "description": "Vermont",
                "altitudeMode": "clampToGround",
                "tessellate": "-1",
                "extrude": "0",
                "visibility": "-1",
                "snippet": ""
            },
            "geometry": {
                "type": "Point",
                "coordinates": [
                    -72.673354,
                    44.0605475,
                    0.0
                ]
            }
        },
        {
            "type": "Feature",
            "properties": {
                "Name": "VA",
                "description": "Virginia",
                "altitudeMode": "clampToGround",
                "tessellate": "-1",
                "extrude": "0",
                "visibility": "-1",
                "snippet": ""
            },
            "geometry": {
                "type": "Point",
                "coordinates": [
                    -78.6681938,
                    37.5222512,
                    0.0
                ]
            }
        },
        {
            "type": "Feature",
            "properties": {
                "Name": "WA",
                "description": "Washington",
                "altitudeMode": "clampToGround",
                "tessellate": "-1",
                "extrude": "0",
                "visibility": "-1",
                "snippet": ""
            },
            "geometry": {
                "type": "Point",
                "coordinates": [
                    -120.5996231,
                    47.4162296,
                    0.0
                ]
            }
        },
        {
            "type": "Feature",
            "properties": {
                "Name": "WV",
                "description": "West Virginia",
                "altitudeMode": "clampToGround",
                "tessellate": "-1",
                "extrude": "0",
                "visibility": "-1",
                "snippet": ""
            },
            "geometry": {
                "type": "Point",
                "coordinates": [
                    -80.85937499999999,
                    38.8225909761771,
                    0.0
                ]
            }
        },
        {
            "type": "Feature",
            "properties": {
                "Name": "WI",
                "description": "Wisconsin",
                "altitudeMode": "clampToGround",
                "tessellate": "-1",
                "extrude": "0",
                "visibility": "-1",
                "snippet": ""
            },
            "geometry": {
                "type": "Point",
                "coordinates": [
                    -89.7119299,
                    44.628484,
                    0.0
                ]
            }
        },
        {
            "type": "Feature",
            "properties": {
                "Name": "WY",
                "description": "Wyoming",
                "altitudeMode": "clampToGround",
                "tessellate": "-1",
                "extrude": "0",
                "visibility": "-1",
                "snippet": ""
            },
            "geometry": {
                "type": "Point",
                "coordinates": [
                    -107.5419255,
                    42.9918024,
                    0.0
                ]
            }
        },
        {
            "type": "Feature",
            "properties": {
                "Name": "PR",
                "description": "Puerto Rico",
                "altitudeMode": "clampToGround",
                "tessellate": "-1",
                "extrude": "0",
                "visibility": "-1",
                "snippet": ""
            },
            "geometry": {
                "type": "Point",
                "coordinates": [
                    -66.4107992,
                    18.217648,
                    0.0
                ]
            }
        },
        {
            "type": "Feature",
            "properties": {
                "Name": "AS",
                "description": "American Samoa",
                "altitudeMode": "clampToGround",
                "tessellate": "-1",
                "extrude": "0",
                "visibility": "-1",
                "snippet": ""
            },
            "geometry": {
                "type": "Point",
                "coordinates": [
                    -170.6620902,
                    -14.2638166,
                    0.0
                ]
            }
        },
        {
            "type": "Feature",
            "properties": {
                "Name": "GU",
                "description": "Guam",
                "altitudeMode": "clampToGround",
                "tessellate": "-1",
                "extrude": "0",
                "visibility": "-1",
                "snippet": ""
            },
            "geometry": {
                "type": "Point",
                "coordinates": [
                    144.7729285,
                    13.4383,
                    0.0
                ]
            }
        },
        {
            "type": "Feature",
            "properties": {
                "Name": "MP",
                "description": "Northern Mariana Islands",
                "altitudeMode": "clampToGround",
                "tessellate": "-1",
                "extrude": "0",
                "visibility": "-1",
                "snippet": ""
            },
            "geometry": {
                "type": "Point",
                "coordinates": [
                    145.601021,
                    14.9367835,
                    0.0
                ]
            }
        },
        {
            "type": "Feature",
            "properties": {
                "Name": "VI",
                "description": "U.S. Virgin Islands",
                "altitudeMode": "clampToGround",
                "tessellate": "-1",
                "extrude": "0",
                "visibility": "-1",
                "snippet": ""
            },
            "geometry": {
                "type": "Point",
                "coordinates": [
                    -64.9712501,
                    18.3267485,
                    0.0
                ]
            }
        }
    ]
}